x_central,y_central,x_border1,y_border1,x_border2,y_border2
6.003299004401256411e+01,-1.999545281187703338e+01,6.007394866720983373e+01,-1.972945322195177198e+01,5.992176223281498437e+01,-2.071780502631405341e+01
6.063219302251597753e+01,-2.008530698365475331e+01,6.073386026305008301e+01,-1.983106643352558152e+01,6.058185303960639345e+01,-2.081944581616209788e+01
6.124207068031435597e+01,-2.017676275147616849e+01,6.139371864634488674e+01,-1.993242649157426172e+01,6.124207068031434886e+01,-2.092086105916020244e+01
6.196234876249799584e+01,-2.028477160860937190e+01,6.205361309123702540e+01,-2.003354602997340095e+01,6.190232604306025621e+01,-2.102203590298877600e+01
6.268923219657580859e+01,-2.039376805978641727e+01,6.271354368874722951e+01,-2.013442394296461302e+01,6.256261919637825741e+01,-2.112296923661744685e+01
6.322295020511374020e+01,-2.047379990668346395e+01,6.337351052221713843e+01,-2.023505915367760366e+01,6.322295020511374020e+01,-2.122365997853752617e+01
6.388331913372818605e+01,-2.057282347230716013e+01,6.403351367433799624e+01,-2.033545058070873424e+01,6.388331913372818605e+01,-2.132410704276773217e+01
6.469355322452950929e+01,-2.069432105299103242e+01,6.469355322452950929e+01,-2.043559717184653834e+01,6.454372603877509107e+01,-2.142430937183645767e+01
6.535362924680330821e+01,-2.079330329111488496e+01,6.535362924680330821e+01,-2.053549787595357046e+01,6.520417097933818695e+01,-2.152426591057357896e+01
6.586465400819889737e+01,-2.086994111494010795e+01,6.601374181358704618e+01,-2.063515166049011285e+01,6.586465400819889737e+01,-2.162397562171099352e+01
6.667389100440762206e+01,-2.099133304632675490e+01,6.667389100440762206e+01,-2.073455750231802597e+01,6.652517516628752503e+01,-2.172343747455542484e+01
6.722892010158709297e+01,-2.107458448674989526e+01,6.733407688365988975e+01,-2.083371442072003532e+01,6.718573449425076660e+01,-2.182265048311456468e+01
6.784633203246090716e+01,-2.116719786421672467e+01,6.799429951936616590e+01,-2.093262142356333655e+01,6.784633203041599359e+01,-2.192161364912114507e+01
6.850696780044182788e+01,-2.126630087890969634e+01,6.865455897454754108e+01,-2.103127757077369253e+01,6.850696780044182788e+01,-2.202032602526219662e+01
6.922906878633250471e+01,-2.137462359260595690e+01,6.931485530571278275e+01,-2.112968191979877020e+01,6.916764183481437556e+01,-2.211878666348673761e+01
6.997518857814198157e+01,-2.148657524577853550e+01,6.997518857814198157e+01,-2.122783356669864929e+01,6.982835414225696979e+01,-2.221699464985868389e+01
7.048910473229503282e+01,-2.156369694812319793e+01,7.063555884260406970e+01,-2.132573164552943012e+01,7.048910473229503282e+01,-2.231494911078850407e+01
7.129596614477468108e+01,-2.168478236685848515e+01,7.129596614477468108e+01,-2.142337530597260908e+01,7.114989361283132041e+01,-2.241264918888454716e+01
7.195641053333912396e+01,-2.178390362417791692e+01,7.195641053333912396e+01,-2.152076373355830796e+01,7.181072077658888020e+01,-2.251009405998020796e+01
7.247158620858857603e+01,-2.186123407125592522e+01,7.261689205095362354e+01,-2.161789615410137699e+01,7.247158620858857603e+01,-2.260728294003223127e+01
7.327741073344539302e+01,-2.198218651759600917e+01,7.327741073344539302e+01,-2.171477183006683376e+01,7.313248988807909257e+01,-2.270421508188995929e+01
7.379343178293585481e+01,-2.205967843479414725e+01,7.393796661493293243e+01,-2.181139006337492248e+01,7.379343178293585481e+01,-2.280088977653282711e+01
7.445441184866014339e+01,-2.215893975760389267e+01,7.459855972577089744e+01,-2.190775020620092661e+01,7.445441184866014339e+01,-2.289730636404365427e+01
7.511543003909038418e+01,-2.225821594463768704e+01,7.525919008181837455e+01,-2.200385166002167026e+01,7.511543003909038418e+01,-2.299346423578798593e+01
7.591985770522755672e+01,-2.237905012264139160e+01,7.591985770522755672e+01,-2.209969386050324403e+01,7.577648629091497412e+01,-2.308936281402154123e+01
7.643758052390185753e+01,-2.245682633997819622e+01,7.658056261012259824e+01,-2.219527632548969009e+01,7.643758052390185753e+01,-2.318500160202856719e+01
7.709871265524280659e+01,-2.255614993573967908e+01,7.724130479924967574e+01,-2.229059861653019681e+01,7.709871265524280659e+01,-2.328038014821662216e+01
7.790208427029280358e+01,-2.267685306455781813e+01,7.790208427029280358e+01,-2.238566036574629692e+01,7.775988258605629255e+01,-2.337549807012025127e+01
7.856290102060822278e+01,-2.277617003226714942e+01,7.856290102060822278e+01,-2.248046126553156299e+01,7.842109019995382369e+01,-2.347035504323971722e+01
7.922375503763775839e+01,-2.287550237362723848e+01,7.922375503763775839e+01,-2.257500110151496031e+01,7.908233536318503809e+01,-2.356495083542960955e+01
7.977619738517601888e+01,-2.295857742355946129e+01,7.988464629072997525e+01,-2.266927972715372519e+01,7.974361793988872193e+01,-2.365928528484468885e+01
8.040493776516973412e+01,-2.305311565738698931e+01,8.054557475759759200e+01,-2.276329706992620672e+01,8.040493776516973412e+01,-2.375335829851807645e+01
8.114616189561125736e+01,-2.316460253079648979e+01,8.120654039979751815e+01,-2.285705317632268319e+01,8.106629465636169130e+01,-2.384716990249598112e+01
8.172768841842963639e+01,-2.325208434178254180e+01,8.186754317055849128e+01,-2.295054816660767827e+01,8.172768841842963639e+01,-2.394072019626059600e+01
8.238911882999973102e+01,-2.335159666380552324e+01,8.252858301465452939e+01,-2.304378228659720662e+01,8.238911882999973102e+01,-2.403400940256534568e+01
8.311935842173016908e+01,-2.346145561931234980e+01,8.318965986720380101e+01,-2.313675587998929828e+01,8.305058565253523284e+01,-2.412703784125806905e+01
8.378925592203914618e+01,-2.356227593844399237e+01,8.385077365015675355e+01,-2.322946942552020033e+01,8.371208862379597804e+01,-2.421980596602717384e+01
8.437362745712161427e+01,-2.365022839188916493e+01,8.451192427983988864e+01,-2.332192351464923874e+01,8.437362745712161427e+01,-2.431231434095268540e+01
8.517311165888440883e+01,-2.377060534050236740e+01,8.517311165888440883e+01,-2.341411889931155343e+01,8.503520183647569297e+01,-2.440456368872850845e+01
8.583433567737812098e+01,-2.387016574657551260e+01,8.583433567737812098e+01,-2.350605646445966812e+01,8.569681142332059665e+01,-2.449655486402723881e+01
8.649559621173662549e+01,-2.396981291197985442e+01,8.649559621173662549e+01,-2.359773726899262059e+01,8.635845584697173649e+01,-2.458828889326676759e+01
8.715689312715609560e+01,-2.406946423488307829e+01,8.715689312715609560e+01,-2.368916253006680250e+01,8.702013470701628250e+01,-2.467976695894891748e+01
8.781822627178506480e+01,-2.416914899333125533e+01,8.781822627178506480e+01,-2.378033366340763877e+01,8.768184756848576455e+01,-2.477099044014033069e+01
8.834359395994280817e+01,-2.424836931012416841e+01,8.847959548391665408e+01,-2.387125226690559288e+01,8.834359395994280817e+01,-2.486196089484661798e+01
8.914100057951392841e+01,-2.436860841887258999e+01,8.914100057951392841e+01,-2.396192017239640037e+01,8.900537337208757549e+01,-2.495268011335370417e+01
8.972163894396479122e+01,-2.445616522861139686e+01,8.980244136014204059e+01,-2.405233941427401589e+01,8.966718525921527316e+01,-2.504315008597779268e+01
9.046391761275890531e+01,-2.456809700539407970e+01,9.046391761275890531e+01,-2.414251229175549085e+01,9.032902902331500172e+01,-2.513337306322534559e+01
9.099090402759365759e+01,-2.464758491692155928e+01,9.112542909990143869e+01,-2.423244135640263508e+01,9.099090402759365759e+01,-2.522335154654127010e+01
9.165280958404058254e+01,-2.474744657920312818e+01,9.178697556467061247e+01,-2.432212944334207805e+01,9.165280958404058254e+01,-2.531308831718174446e+01
9.244855673277521646e+01,-2.486753500624909563e+01,9.244855673277521646e+01,-2.441157968409461532e+01,9.231474494879665826e+01,-2.540258644818277034e+01
9.311017230603003725e+01,-2.496742204588973379e+01,9.311017230603003725e+01,-2.450079554529295933e+01,9.297670931892672286e+01,-2.549184934356703280e+01
9.377182195743270654e+01,-2.506731932923689143e+01,9.377182195743270654e+01,-2.458978083611404486e+01,9.363870183604458930e+01,-2.558088074696139103e+01
9.430072157172168090e+01,-2.514719195930912576e+01,9.443350533920474277e+01,-2.467853973733320316e+01,9.430072157172168090e+01,-2.566968476763553042e+01
9.496276752590749481e+01,-2.524722097987628544e+01,9.509522207501318292e+01,-2.476707683913705438e+01,9.496276752590749481e+01,-2.575826591919252451e+01
9.562483862575390958e+01,-2.534727750647703814e+01,9.575697175693468921e+01,-2.485539716025122914e+01,9.562483862575373905e+01,-2.584662913897484060e+01
9.628693371284840907e+01,-2.544735985889844088e+01,9.641875394961591894e+01,-2.494350618482501858e+01,9.628693371284840907e+01,-2.593477982271647164e+01
9.694905154233202893e+01,-2.554744126697637085e+01,9.708056818097807650e+01,-2.503140990372843788e+01,9.694905154233202893e+01,-2.602272386699095819e+01
9.761119077454613091e+01,-2.564754385036474105e+01,9.774241394503077629e+01,-2.511911483982045112e+01,9.761119077454613091e+01,-2.611046769301045245e+01
9.835760276902476562e+01,-2.576041977121125015e+01,9.840429069880735824e+01,-2.520662810525443831e+01,9.827334996400762179e+01,-2.619801830289112132e+01
9.893552755799831289e+01,-2.584786429916974626e+01,9.906619785544410206e+01,-2.529395743627747351e+01,9.893552755799831289e+01,-2.628538331518392823e+01
9.959772188264891213e+01,-2.594805968577710331e+01,9.972813478596954440e+01,-2.538111124370128735e+01,9.959772188264891213e+01,-2.637257101325701214e+01
1.003901008155146286e+02,-2.606796464973730920e+01,1.003901008155146286e+02,-2.546809866947074141e+01,1.002599311328137190e+02,-2.645959040100738946e+01
1.010520952174041440e+02,-2.616815281071276900e+01,1.010520952174041440e+02,-2.555492964474493434e+01,1.009221533635632682e+02,-2.654645126055590154e+01
1.017141172099541393e+02,-2.626841185445877613e+01,1.017141172099541393e+02,-2.564161495010465686e+01,1.015843864784395691e+02,-2.663316421126150502e+01
1.023761659530557324e+02,-2.636865816634375648e+01,1.023761659530557324e+02,-2.572816628560460828e+01,1.022466282152687995e+02,-2.671974077826214256e+01
1.029231298961202441e+02,-2.645148351791311825e+01,1.030382405443499181e+02,-2.581459634557839777e+01,1.029088761309984932e+02,-2.680619346566207284e+01
1.037003400109404083e+02,-2.656921163130350294e+01,1.037003400109404083e+02,-2.590091890351668624e+01,1.035711275880601647e+02,-2.689253584053088630e+01
1.043624633059011302e+02,-2.666951019218142704e+01,1.043624633059011302e+02,-2.598714889426333841e+01,1.042333797365207175e+02,-2.697878261299016955e+01
1.049808836217682142e+02,-2.676322288741727817e+01,1.050246093025940866e+02,-2.607330251883269412e+01,1.048956294922061545e+02,-2.706494973862019648e+01
1.056867767845314035e+02,-2.687017958158327602e+01,1.056867767845314035e+02,-2.615939734785858661e+01,1.055578735190522224e+02,-2.715105452054923063e+01
1.062201082037510815e+02,-2.695105116497571274e+01,1.063489644395364593e+02,-2.624545243674792872e+01,1.062201082037510815e+02,-2.723711572158770977e+01
1.068823296290649694e+02,-2.705148110007787565e+01,1.070111708505721424e+02,-2.633148845594988785e+01,1.068823296290649694e+02,-2.732315369162195395e+01
1.075445335455003146e+02,-2.715192992020355689e+01,1.076733944851873446e+02,-2.641752782951730083e+01,1.075445335455003146e+02,-2.740919050312308869e+01
1.083356336842873304e+02,-2.727192733192168106e+01,1.083356336842873304e+02,-2.650359488953322540e+01,1.082067153385191887e+02,-2.749525010185472951e+01
1.088688699925551902e+02,-2.735282797418902234e+01,1.089978866492955802e+02,-2.658971604400701949e+01,1.088688699925551902e+02,-2.758135847063243062e+01
1.095671101478218930e+02,-2.745880493331356575e+01,1.096601514282820631e+02,-2.667591996282260425e+01,1.095309920498073097e+02,-2.766754381033334909e+01
1.103224258982896941e+02,-2.757347385592456490e+01,1.103224258982896941e+02,-2.676223778265520181e+01,1.101930755658869288e+02,-2.775383673964703135e+01
1.108551140587578203e+02,-2.765435663152601364e+01,1.109847077475022985e+02,-2.684870332927990333e+01,1.108551140587578203e+02,-2.784027051098651739e+01
1.116469944527799356e+02,-2.777458748119061127e+01,1.116469944527799356e+02,-2.693535336777447498e+01,1.115171004520663445e+02,-2.792688125370538188e+01
1.121790270091503032e+02,-2.785537419865230291e+01,1.123092832580790343e+02,-2.702222787175124807e+01,1.121790270091503032e+02,-2.801370823444887748e+01
1.129715711406576020e+02,-2.797575366396347363e+01,1.129715711406576020e+02,-2.710937033356238501e+01,1.128408852639424538e+02,-2.810079415899084054e+01
1.135026659392431725e+02,-2.805643713914440340e+01,1.136338547828594869e+02,-2.719682808202566804e+01,1.135026659392431725e+02,-2.818818547838210264e+01
1.142961305357194277e+02,-2.817702422997079736e+01,1.142961305357194277e+02,-2.728465266670602674e+01,1.141643588492408838e+02,-2.827593275963768704e+01
1.149583943673245443e+02,-2.827767211115265411e+01,1.149583943673245443e+02,-2.737290025764260193e+01,1.148259528048633484e+02,-2.836409107304235633e+01
1.154874354868954072e+02,-2.835809199852314322e+01,1.156206418225800689e+02,-2.746163209011601936e+01,1.154874354868954072e+02,-2.845272041722589762e+01
1.161487933137749451e+02,-2.845863637633025789e+01,1.162828679564329661e+02,-2.755091498323431409e+01,1.161487933137749451e+02,-2.854188621904094703e+01
1.169450672604348540e+02,-2.857969005979502697e+01,1.169450672604348540e+02,-2.764082187298915372e+01,1.168100112978922027e+02,-2.863165984510249373e+01
1.174710728569086626e+02,-2.865967600942587623e+01,1.176072335948326923e+02,-2.773143243083732656e+01,1.174710728569086626e+02,-2.872211918932761066e+01
1.182693600782947243e+02,-2.878108462303418946e+01,1.182693600782947243e+02,-2.782283376167460176e+01,1.181319596238375738e+02,-2.881334934212498666e+01
1.187926512236706316e+02,-2.886068070331095825e+01,1.189314389777055823e+02,-2.791512113190026767e+01,1.187926512236706316e+02,-2.890544328116783745e+01
1.195934615779211612e+02,-2.898252800036388521e+01,1.195934615779211612e+02,-2.800839882704604022e+01,1.194531250035383465e+02,-2.899850268315937640e+01
1.201133557447898852e+02,-2.906162958108639671e+01,1.202554180134431192e+02,-2.810278107212702636e+01,1.201133557447898852e+02,-2.909263879514842088e+01
1.207733153213085302e+02,-2.916203927969445076e+01,1.209172970787161034e+02,-2.819839305640491389e+01,1.207733153213085302e+02,-2.918797339853677997e+01
1.215790860076588160e+02,-2.928463987117921263e+01,1.215790860076588160e+02,-2.829537206883022904e+01,1.214329723011299222e+02,-2.928463987117921263e+01
1.220922915064135594e+02,-2.936487857914287858e+01,1.222407701859170146e+02,-2.839386877014749544e+01,1.220922915064135594e+02,-2.938278437915208130e+01
1.227512334961370186e+02,-2.946790302646298798e+01,1.229023328343796209e+02,-2.849404854515003649e+01,1.227512334961370186e+02,-2.948256712867927121e+01
1.234097539725929522e+02,-2.957086147804815113e+01,1.235637546060586800e+02,-2.859609305997529560e+01,1.234097539725929522e+02,-2.958416380890583497e+01
1.241402194493902869e+02,-2.968506863903349924e+01,1.242250087421097504e+02,-2.870020118948789900e+01,1.240678074853223478e+02,-2.968776777704767511e+01
1.247947029634720479e+02,-2.978739612165320239e+01,1.248855075521009041e+02,-2.880648908085727555e+01,1.247259033896187930e+02,-2.979367017433424536e+01
1.255192274855924666e+02,-2.990067463286157690e+01,1.255450246493041249e+02,-2.891361562721981571e+01,1.253846679062280742e+02,-2.990067475156346077e+01
1.262041979478046585e+02,-3.000776892481226454e+01,1.262041979478046585e+02,-2.902072219815047660e+01,1.260437649107261109e+02,-3.000776892481226454e+01
1.267028287780836422e+02,-3.008894800004081915e+01,1.268633825759436462e+02,-2.912789947281978797e+01,1.267028287774255517e+02,-3.011492656352267616e+01
1.274858040862471995e+02,-3.021641978154464425e+01,1.275225708798846114e+02,-2.923517404737370384e+01,1.273618583221007867e+02,-3.022217530054949464e+01
1.280594338974978825e+02,-3.030980892583496811e+01,1.281817568159416396e+02,-2.934256920963773396e+01,1.280208518607228143e+02,-3.032953911565616423e+01
1.288409354358873316e+02,-3.043703952796679602e+01,1.288409354358873316e+02,-2.945010602435718283e+01,1.286798073518893375e+02,-3.043703952796679602e+01
1.293387224670123317e+02,-3.051863656315773454e+01,1.295001025543412254e+02,-2.955780410197918684e+01,1.293387224670123317e+02,-3.054469643015573155e+01
1.299975946196304903e+02,-3.062663852143942123e+01,1.301592545219666022e+02,-2.966568217888061199e+01,1.299975946196304903e+02,-3.065252870999711732e+01
1.306786516897871593e+02,-3.073827716174193725e+01,1.308183880671577128e+02,-2.977375856365186380e+01,1.306564209717068081e+02,-3.076055472294272519e+01
1.314153752068820609e+02,-3.085904041697328637e+01,1.314775001818202611e+02,-2.988205151021314521e+01,1.313151984205984206e+02,-3.086879268109043295e+01
1.321365880347480299e+02,-3.097726098227557401e+01,1.321365880347480299e+02,-2.999057953729708714e+01,1.319739235760142435e+02,-3.097726098227557401e+01
1.327234568792481184e+02,-3.107419175350459284e+01,1.327956489042840929e+02,-3.009936172232728069e+01,1.326325927257674095e+02,-3.108597850844412847e+01
1.334546801258171342e+02,-3.119496490579496495e+01,1.334546801258171342e+02,-3.020841798145798762e+01,1.332912017906125755e+02,-3.119496490579496495e+01
1.339497462677355202e+02,-3.127803457421634903e+01,1.341136790469691391e+02,-3.031776935752187185e+01,1.339497462677355202e+02,-3.130424086947380502e+01
1.346082361552091697e+02,-3.138852575154398039e+01,1.347726429886993458e+02,-3.042743831891071693e+01,1.346082211632807173e+02,-3.141382843611891929e+01
1.353499923392509743e+02,-3.151298863266621098e+01,1.354315692123078065e+02,-3.053744908938974234e+01,1.352666209070795844e+02,-3.152375130301512840e+01
1.359249392505067249e+02,-3.160946227986127255e+01,1.360904548867124504e+02,-3.064782802064877032e+01,1.359249392505067249e+02,-3.163403518659891844e+01
1.366493396086321468e+02,-3.173101383504949524e+01,1.367492970612603642e+02,-3.075860401955545242e+01,1.365831691378477615e+02,-3.174470822959748162e+01
1.373930250082606221e+02,-3.185580148935062184e+01,1.374080926348628680e+02,-3.086980906184709639e+01,1.372413025485097080e+02,-3.185580148935062184e+01
1.380578068963625071e+02,-3.196734944416818536e+01,1.380668383311667071e+02,-3.098147879615465072e+01,1.378993302982040632e+02,-3.196734950719793389e+01
1.387255306736190050e+02,-3.207939101872655385e+01,1.387255306736190050e+02,-3.109365330048942511e+01,1.385572417825873686e+02,-3.207939101872655385e+01
1.392150246528904631e+02,-3.216328103768609736e+01,1.393841659625447278e+02,-3.120637800841818787e+01,1.392150246528904631e+02,-3.219196981914331701e+01
1.400427402625434183e+02,-3.230513585688579070e+01,1.400427402625434183e+02,-3.131970488734386748e+01,1.398726643845722606e+02,-3.230513585688579070e+01
1.405921479090708885e+02,-3.240039275148939169e+01,1.407012493944628488e+02,-3.143369395059747617e+01,1.405301437115359988e+02,-3.241894663152260136e+01
1.413596889539692256e+02,-3.253346899347618404e+01,1.413596889539692256e+02,-3.154841521933712301e+01,1.411874418580448491e+02,-3.253346899347618404e+01
1.419770377673303301e+02,-3.264878153262540650e+01,1.420180543694806943e+02,-3.166395134500901065e+01,1.418445334728732519e+02,-3.264878153262540650e+01
1.425991171293170225e+02,-3.276497778878754019e+01,1.426763410261351908e+02,-3.178040116195014875e+01,1.425013871296781360e+02,-3.276497778878754019e+01
1.431674135556487784e+02,-3.287112816639127999e+01,1.433345445189860072e+02,-3.189788462034402627e+01,1.431579631494518878e+02,-3.288217066613227502e+01
1.438600234655449128e+02,-3.300049865351677170e+01,1.439926611533985579e+02,-3.201654982084230028e+01,1.438142103347438479e+02,-3.300049865351677170e+01
1.444700608893414540e+02,-3.311444577924951460e+01,1.446506889171912178e+02,-3.213658338182642638e+01,1.444700608893414540e+02,-3.312013486271347062e+01
1.451492013136550838e+02,-3.324130060074502779e+01,1.453086293995369260e+02,-3.225822628526386637e+01,1.451254221664885335e+02,-3.324130060074502779e+01
1.457801624750775318e+02,-3.335915638354637025e+01,1.459664917663934602e+02,-3.238179923010003591e+01,1.457801624750775318e+02,-3.336428658126425972e+01
1.464340849257251023e+02,-3.348130144331788216e+01,1.466243014306296857e+02,-3.250774566111736874e+01,1.464340849257251023e+02,-3.348948782750417763e+01
1.470868746192924732e+02,-3.360323542828984955e+01,1.472821207146557185e+02,-3.263671034688758255e+01,1.470868746192924732e+02,-3.361746462918534917e+01
1.478156460978929942e+02,-3.373936221238059829e+01,1.479401047258086237e+02,-3.276969833972888324e+01,1.477379775475758947e+02,-3.374905762202505599e+01
1.485986857201956752e+02,-3.388562631716870044e+01,1.485986857201956752e+02,-3.290844813708783079e+01,1.483862644303637524e+02,-3.388562631716870044e+01
1.492587790411085393e+02,-3.402973832515467478e+01,1.492587790411085393e+02,-3.305640398914894007e+01,1.490293879550736165e+02,-3.402973832515467478e+01
1.497262709495918784e+02,-3.416602301355722204e+01,1.499141538243357843e+02,-3.321844948853433266e+01,1.496704842104887518e+02,-3.418830778709532581e+01
1.503650619612790820e+02,-3.435224517758864948e+01,1.505658158025141518e+02,-3.338475493912161340e+01,1.503129074426859404e+02,-3.435224517758864948e+01
1.509435194288300295e+02,-3.452087872270495694e+01,1.512253261958825874e+02,-3.356140754229182477e+01,1.509435194288300295e+02,-3.452087872270495694e+01
1.515254941276549516e+02,-3.470522596148233418e+01,1.519149318703773588e+02,-3.378417317008366894e+01,1.515254941276549516e+02,-3.470522596148233418e+01
1.519590130111325550e+02,-3.491732421747518345e+01,1.526541805593479637e+02,-3.419847647288098358e+01,1.519590130111325550e+02,-3.491732421747518345e+01
1.521489741628356285e+02,-3.525915974750993342e+01,1.531124066387123719e+02,-3.499120851234577145e+01,1.521489741628356285e+02,-3.525915974750993342e+01
1.521590597178175983e+02,-3.579312039169081316e+01,1.531491857294098793e+02,-3.580965133504165721e+01,1.521498851573006448e+02,-3.577225659500802379e+01
1.521723406236508538e+02,-3.649624818554573835e+01,1.530775516007028045e+02,-3.651308359111789770e+01,1.520842946002615577e+02,-3.639715028669474606e+01
1.521832188424714047e+02,-3.707218026076652961e+01,1.529903330743285608e+02,-3.718341830143470617e+01,1.519991130729491999e+02,-3.705119535007774090e+01
1.521967699696032810e+02,-3.778964570739670137e+01,1.528995099783804790e+02,-3.784821918807418939e+01,1.519091557859991326e+02,-3.770966027052401870e+01
1.522085686683332142e+02,-3.841437416490194323e+01,1.528043379583227761e+02,-3.851280509107730410e+01,1.518150034803126118e+02,-3.836714352915939941e+01
1.522207404346378894e+02,-3.905885227243739877e+01,1.527038706789904268e+02,-3.917698375053540616e+01,1.517157198052597664e+02,-3.902349808102399464e+01
1.522348893872934923e+02,-3.980804140833822657e+01,1.525982054662850942e+02,-3.983992063307337617e+01,1.516111618263054197e+02,-3.967946860667407805e+01
1.522448561818742121e+02,-4.033584703911623137e+01,1.524886266394946972e+02,-4.050112850744032755e+01,1.515023802016158641e+02,-4.033584703911623137e+01
1.522583425332862532e+02,-4.105007457685612593e+01,1.523768512991438229e+02,-4.116078326280592847e+01,1.513910305987413381e+02,-4.099298115716376145e+01
1.522708291294276250e+02,-4.171135193207403091e+01,1.522708291294276250e+02,-4.175886646827867565e+01,1.512719585828355093e+02,-4.171135193207403091e+01
1.522943660207310188e+02,-4.223040572375761315e+01,1.522943660207310188e+02,-4.223040572375761315e+01,1.513483551280719155e+02,-4.255454055830996651e+01
1.525727556778162466e+02,-4.271437601917506299e+01,1.525727556778162466e+02,-4.262930673019023686e+01,1.518004567055310758e+02,-4.326456596657114062e+01
1.528998615507072429e+02,-4.328303716138176327e+01,1.530059991747920094e+02,-4.305173420721263966e+01,1.523189889522895442e+02,-4.377838195831157719e+01
1.532935152952256033e+02,-4.396739088787273886e+01,1.534956608169393348e+02,-4.349654641398671373e+01,1.528177808655905778e+02,-4.423171902743160189e+01
1.534988910909624451e+02,-4.432442978277337886e+01,1.539856116822293757e+02,-4.395496557617863687e+01,1.533030277686169143e+02,-4.468577280170224242e+01
1.538867403957670774e+02,-4.499869273989300922e+01,1.544821965626519500e+02,-4.441814466523767635e+01,1.537832821126986573e+02,-4.513334994461311567e+01
1.541966970896059479e+02,-4.553754248944267147e+01,1.550012339867458309e+02,-4.495631889990451668e+01,1.541966970896059479e+02,-4.555022156965814872e+01
1.544238393723837248e+02,-4.593242206506890568e+01,1.554043665135312722e+02,-4.573603844693070641e+01,1.544238393723837248e+02,-4.593242206506890568e+01
1.543529149862474128e+02,-4.641891438378899437e+01,1.553417630263502929e+02,-4.656784239856339269e+01,1.543529149862474128e+02,-4.641891438378899437e+01
1.542262553814635169e+02,-4.724785150877362128e+01,1.552061758204125397e+02,-4.724785150877362128e+01,1.542262553814635169e+02,-4.704846260905753752e+01
1.541151343857499114e+02,-4.771394694473342213e+01,1.550703155113389187e+02,-4.790513797196945234e+01,1.540917745237219094e+02,-4.769908570783837831e+01
1.539526143033047560e+02,-4.839563646092758376e+01,1.549294319545516601e+02,-4.856208101770131691e+01,1.539526143015824005e+02,-4.834800796277011159e+01
1.538078237332304639e+02,-4.900295962463930266e+01,1.547824595197400299e+02,-4.921859057427936790e+01,1.538078237332200047e+02,-4.899479360460721722e+01
1.536562161933221660e+02,-4.963887648900287530e+01,1.546280538222146674e+02,-4.987452797545822847e+01,1.536562161933221660e+02,-4.963887648900287530e+01
1.534963192784772161e+02,-5.027953153589983515e+01,1.544645298750171207e+02,-5.052966798016150562e+01,1.534963192784772161e+02,-5.027953153589983515e+01
1.533263362466900617e+02,-5.091586279049145247e+01,1.542898199365326377e+02,-5.118362981498727748e+01,1.533263362466900617e+02,-5.091586279049145247e+01
1.531441527525653896e+02,-5.154684451983409588e+01,1.541015070315434627e+02,-5.183576109001020882e+01,1.531441527525653896e+02,-5.154684451983409588e+01
1.529474555494071240e+02,-5.217147778939742864e+01,1.538970443292659240e+02,-5.248497603367678721e+01,1.529474555494071240e+02,-5.217147778939742864e+01
1.527340660034628570e+02,-5.278912200138324096e+01,1.536743088140218276e+02,-5.312962671088387623e+01,1.527340660034628570e+02,-5.278912200138324096e+01
1.525025756439338238e+02,-5.339995435719642813e+01,1.534325279958921442e+02,-5.376763441252600018e+01,1.525025756439338238e+02,-5.339995435719642813e+01
1.522531817288264051e+02,-5.400528558914958666e+01,1.531732088350937602e+02,-5.439714031188920984e+01,1.522531817288264051e+02,-5.400528558914958666e+01
1.519882438716949196e+02,-5.460736105386619244e+01,1.529002676986438019e+02,-5.501749827368109180e+01,1.519882438716949196e+02,-5.460736105386619244e+01
1.517119697254231596e+02,-5.520862811002330517e+01,1.526189443118201439e+02,-5.562981346070632327e+01,1.517119697254231596e+02,-5.520862811002330517e+01
1.514292647956461337e+02,-5.581109687975936140e+01,1.523342239210209357e+02,-5.623648308146528763e+01,1.514292647955815312e+02,-5.581098457232112509e+01
1.511445318419337127e+02,-5.641788754678193385e+01,1.520498260485334185e+02,-5.684023903400819933e+01,1.511445318418896591e+02,-5.641545391254411612e+01
1.508639269117381048e+02,-5.701588115023529468e+01,1.517649121661072797e+02,-5.744973086086015002e+01,1.508639269117381048e+02,-5.701588115023529468e+01
1.505747051680509117e+02,-5.759939286432768313e+01,1.514609107604517817e+02,-5.806268504858878998e+01,1.505747051680509117e+02,-5.759939286432768313e+01
1.502623537027604357e+02,-5.816687182640369258e+01,1.511293531071030429e+02,-5.866518100038065597e+01,1.502623537027604357e+02,-5.816687182640369258e+01
1.499295048465923514e+02,-5.872691940152623147e+01,1.507784297592396285e+02,-5.925048877966777638e+01,1.499264467158212426e+02,-5.872691940152623147e+01
1.495965198667424261e+02,-5.928719605057860775e+01,1.504196406930615808e+02,-5.982041762511114058e+01,1.495736650713956806e+02,-5.928719605057860775e+01
1.492588847717331078e+02,-5.985529392400871984e+01,1.500653771297616572e+02,-6.038180421757267879e+01,1.492152083754715477e+02,-5.985529392400871984e+01
1.488634125879875967e+02,-6.052070160622285044e+01,1.497235903700020856e+02,-6.094419936220735678e+01,1.488634125879875967e+02,-6.043420506485824717e+01
1.485726460787037126e+02,-6.100993805554682581e+01,1.493879581920679698e+02,-6.152453616138346604e+01,1.485305266849087502e+02,-6.100993805554682581e+01
1.482398307325646840e+02,-6.156991845528317242e+01,1.490308217937676716e+02,-6.209838689980057325e+01,1.481818688485761584e+02,-6.156991845528317242e+01
1.479029013971131121e+02,-6.213682490337463804e+01,1.486779148992307000e+02,-6.266530325725270956e+01,1.478289681226408447e+02,-6.213682490337463804e+01
1.475659699448111724e+02,-6.270372739253685523e+01,1.483250015335248690e+02,-6.323221542918007998e+01,1.474760607846354219e+02,-6.270372739253685523e+01
1.471231469858826699e+02,-6.344878846550713547e+01,1.479720818479903528e+02,-6.379912350968149326e+01,1.471231469858826699e+02,-6.327062601687930510e+01
1.467702268777067616e+02,-6.404258557271764118e+01,1.476191559939322246e+02,-6.436602759288159348e+01,1.467702268777067616e+02,-6.383752087047910351e+01
1.464173006113792326e+02,-6.463638467926078590e+01,1.472662241226146307e+02,-6.493292777287349793e+01,1.464173006113792326e+02,-6.440441204740095316e+01
1.462182414312676997e+02,-6.497129964174042982e+01,1.469132863853223228e+02,-6.549982414374316875e+01,1.460643683381689186e+02,-6.497129964174042982e+01
1.458357082286024422e+02,-6.561491038792438246e+01,1.465603429333320378e+02,-6.606671679960501820e+01,1.457114302093604579e+02,-6.553818374758353116e+01
1.455190714207286078e+02,-6.614764841065561995e+01,1.462073939178740147e+02,-6.663360583456076824e+01,1.453584863762010286e+02,-6.610506445898951711e+01
1.451151631791913985e+02,-6.682721422820652890e+01,1.458544394901795442e+02,-6.720049134268346336e+01,1.450055369899073696e+02,-6.667194187004004391e+01
1.447280478446615177e+02,-6.747852253733441330e+01,1.455014798015008637e+02,-6.776737341807728399e+01,1.446525822017279665e+02,-6.723881607483076550e+01
1.445335938205779485e+02,-6.780568716741564117e+01,1.451485150030368914e+02,-6.833425215485331705e+01,1.442996221628886246e+02,-6.780568716741564117e+01
1.440004908178973153e+02,-6.870260150632064722e+01,1.447955452459687535e+02,-6.890112764707137671e+01,1.439466570245569983e+02,-6.837255524186238631e+01
1.437341178475514596e+02,-6.915075700429859751e+01,1.444425706815248134e+02,-6.946799998882947591e+01,1.435936869379500820e+02,-6.893942039227418661e+01
1.434320620534538762e+02,-6.965894139906315274e+01,1.440895914608738053e+02,-7.003486927423348618e+01,1.432407120542621328e+02,-6.950628271270296921e+01
1.430386621961018818e+02,-7.032080451859162906e+01,1.437366077351686044e+02,-7.060173559735217452e+01,1.428877325246410805e+02,-7.007314229721320942e+01
1.425347485002569385e+02,-7.116859905226826299e+01,1.433836196555907065e+02,-7.116859905226826299e+01,1.425347485002569385e+02,-7.063999923989379681e+01
1.422221762682410144e+02,-7.167059185983949021e+01,1.430306273732926741e+02,-7.173545973307896872e+01,1.421817601322750022e+02,-7.120685363481008778e+01
1.421262079559693632e+02,-7.182471673844307247e+01,1.426776310394039058e+02,-7.230231773386486793e+01,1.418287675718315484e+02,-7.177370557602034751e+01
1.416269194367567650e+02,-7.262655617356919890e+01,1.423246308050589448e+02,-7.286917314869481288e+01,1.414757709700509452e+02,-7.234055515759899890e+01
1.413799653019890457e+02,-7.302315901066015158e+01,1.419716268213981891e+02,-7.343602607165691154e+01,1.411227704780730221e+02,-7.290740247362457183e+01
1.410557027178255396e+02,-7.354390508764943490e+01,1.416186192395292665e+02,-7.400287659684278196e+01,1.407697662470233695e+02,-7.347424761814994554e+01
1.407461082938191339e+02,-7.404109068738522126e+01,1.412656082105455084e+02,-7.456972481830887034e+01,1.404167584279861671e+02,-7.404109068523671056e+01
1.403595515650092977e+02,-7.466187324336732445e+01,1.409125938855738696e+02,-7.513657083013849558e+01,1.400637471720801841e+02,-7.460793176897205115e+01
1.400401693722883181e+02,-7.517477096340824971e+01,1.405595764157003202e+02,-7.570341472641887037e+01,1.397107326304076480e+02,-7.517477096340824971e+01
1.396871990169761375e+02,-7.574160836260500673e+01,1.402065559520019065e+02,-7.627025660121626061e+01,1.393577149540445816e+02,-7.574160836260500673e+01
1.391059158963715561e+02,-7.667508204393044480e+01,1.398535326455674408e+02,-7.683709654860037119e+01,1.390046942940724080e+02,-7.630844406063572194e+01
1.389812476715739535e+02,-7.687527815156551014e+01,1.395005066474764703e+02,-7.740393466265064149e+01,1.386516708015749941e+02,-7.687527815156551014e+01
1.386280852628918296e+02,-7.744238661130867740e+01,1.391474781087903807e+02,-7.797077103744408078e+01,1.382986446276223660e+02,-7.744211072945020646e+01
1.382752586298311712e+02,-7.800894188835232512e+01,1.387944471805656406e+02,-7.853760576703984952e+01,1.379456159232647394e+02,-7.800894188835232512e+01
1.376887433147078923e+02,-7.895074339496098048e+01,1.384414140138744074e+02,-7.910443894551268329e+01,1.375925848395707476e+02,-7.857577172234583429e+01
1.373366191367746865e+02,-7.951616467253262499e+01,1.380883787597636854e+02,-7.967127066693960558e+01,1.372395515275978539e+02,-7.914260032548504853e+01
1.372162626002112802e+02,-7.970942779182902882e+01,1.377353415692745102e+02,-8.023810102538232059e+01,1.368865161383852751e+02,-7.970942779182902882e+01
1.367381037897873739e+02,-8.047717624070745046e+01,1.373823025934578368e+02,-8.080493011490790423e+01,1.365334788229793617e+02,-8.027625421544706796e+01
1.364933348528110173e+02,-8.087018343797214470e+01,1.370292619833548144e+02,-8.137175802958822146e+01,1.361804397324252420e+02,-8.084307969040000330e+01
1.359878595020830687e+02,-8.168178443866759153e+01,1.366762198899971850e+02,-8.193858486349199666e+01,1.358273990177587507e+02,-8.140990431074541789e+01
1.356952705143628179e+02,-8.215155715664721470e+01,1.363231764644151838e+02,-8.250541071067877397e+01,1.354743568300065988e+02,-8.197672817054484540e+01
1.354185998179748367e+02,-8.259576593042278603e+01,1.359701318576458675e+02,-8.307223566521736302e+01,1.351213133202043082e+02,-8.254355136386581648e+01
1.349640224641008217e+02,-8.332560569234563275e+01,1.356170862207132757e+02,-8.363905982117609028e+01,1.347682686393813185e+02,-8.311037398476489102e+01
1.346299021347383302e+02,-8.386205350713420614e+01,1.352640397046387477e+02,-8.420588327261616257e+01,1.344152229385578323e+02,-8.367719612730245160e+01
1.341976251844927503e+02,-8.455608165760617112e+01,1.349109924604487389e+02,-8.477270611360141572e+01,1.340621763687583154e+02,-8.424401788554318671e+01
1.338575559414922225e+02,-8.510206018139383843e+01,1.345579446391643899e+02,-8.533952843819757561e+01,1.337091290810057274e+02,-8.481083935354779157e+01
1.336094266081727255e+02,-8.550042438651557575e+01,1.342048963918037714e+02,-8.590635034046808016e+01,1.333560812263193895e+02,-8.537766062537640721e+01
1.333328364899988685e+02,-8.594448179509137731e+01,1.338518478693848408e+02,-8.647317191447467621e+01,1.330030329557161224e+02,-8.594448179509137731e+01
1.326502272876337543e+02,-8.704038278052205158e+01,1.334985563555090948e+02,-8.704038278052205158e+01,1.326502272876337543e+02,-8.651091343051417937e+01
1.323324988943624021e+02,-8.754145729389659891e+01,1.331432665368104438e+02,-8.760846943289683963e+01,1.322973406143864565e+02,-8.707516901683561628e+01
1.320599455588582600e+02,-8.797128707845426732e+01,1.327831819367697790e+02,-8.817510156909784769e+01,1.319411050782545090e+02,-8.763574402131246188e+01
1.319188051074605994e+02,-8.819386781364892158e+01,1.324191282392775406e+02,-8.873903859566468100e+01,1.315808032316365370e+02,-8.819386781364892158e+01
1.314799195647070462e+02,-8.888598933622026266e+01,1.320514318695417444e+02,-8.930033775465543044e+01,1.312166502425227179e+02,-8.874975657518095318e+01
1.311312605292010289e+02,-8.943582296191395642e+01,1.316803635871677898e+02,-8.985914329137372647e+01,1.308489098459085085e+02,-8.930354930639370536e+01
1.307104401283554296e+02,-9.009944128876665559e+01,1.313061903726174933e+02,-9.041560384756431290e+01,1.304778426511350062e+02,-8.985538955614111956e+01
1.304005345151932715e+02,-9.058815049360052285e+01,1.309291755502657679e+02,-9.096987200129663620e+01,1.301037062301675178e+02,-9.040542501390410735e+01
1.298082874023669149e+02,-9.152210383617200762e+01,1.305495789825735358e+02,-9.152210383617200762e+01,1.297267552570074542e+02,-9.095380715604308364e+01
1.294937748956511427e+02,-9.201807540605642544e+01,1.301676572948804278e+02,-9.207245856044303878e+01,1.293472417001842700e+02,-9.150069090485266088e+01
1.294442191454814122e+02,-9.209622102876748784e+01,1.297836641129316035e+02,-9.262109813707024841e+01,1.289654150256066600e+02,-9.204623430006893159e+01
1.288560578293182743e+02,-9.302361584585747778e+01,1.293978503469309373e+02,-9.316818694523955457e+01,1.285815224404987873e+02,-9.259059820817817865e+01
1.286618860445758799e+02,-9.332977223454216187e+01,1.290104644901761048e+02,-9.371389146894314592e+01,1.281958091629413161e+02,-9.313394604236576413e+01
1.282451336576889105e+02,-9.398689196884953390e+01,1.286217529399141313e+02,-9.425838000480200662e+01,1.278085187128292119e+02,-9.367644350319929458e+01
1.280983908965987439e+02,-9.421825833467188716e+01,1.282319603367123761e+02,-9.480182239436062730e+01,1.274198932285004844e+02,-9.421825833467188716e+01
1.276619018827778973e+02,-9.490646691226841369e+01,1.278413299118097513e+02,-9.534438976833382640e+01,1.270301737947006444e+02,-9.475956008913101414e+01
1.270404751222364581e+02,-9.588625430457879872e+01,1.274501038529653272e+02,-9.588625430457879872e+01,1.266396007880087495e+02,-9.530051990939956852e+01
1.266971323516397234e+02,-9.642758900344585982e+01,1.270585236797042228e+02,-9.642758900344585982e+01,1.262484142414540997e+02,-9.584131031710458615e+01
1.266025183001653716e+02,-9.657676247743161468e+01,1.266668306202996490e+02,-9.696856746592183640e+01,1.258568542135043771e+02,-9.638210500298410466e+01
1.261747897901708058e+02,-9.725112154673239218e+01,1.262752660005094043e+02,-9.750936368052826708e+01,1.254651611716920598e+02,-9.692307862500764770e+01
1.258505442280137459e+02,-9.776231554756174091e+01,1.258840716308863250e+02,-9.805015181158913151e+01,1.250735763812698735e+02,-9.746440660217706409e+01
1.254934901983346833e+02,-9.832522397246432888e+01,1.254934901983346833e+02,-9.859110598735686892e+01,1.246823423007951703e+02,-9.800626490781711198e+01
1.249814961775717279e+02,-9.913240008595444408e+01,1.251037656556782878e+02,-9.913240008595444408e+01,1.242917029823183697e+02,-9.854882985493203762e+01
1.247151436072550439e+02,-9.955231270917457209e+01,1.247151436072550439e+02,-9.967420751313829896e+01,1.239019044713483879e+02,-9.909227787148924449e+01
1.242947291441426785e+02,-1.002151059459111480e+02,1.243290023948604244e+02,-1.002151059459111480e+02,1.235120645040179284e+02,-9.963838028972287475e+01
1.239645075790785853e+02,-1.007357082990213542e+02,1.239645075790785853e+02,-1.007357082990213542e+02,1.231121154589229860e+02,-1.002128051784563354e+02
1.236996600903142536e+02,-1.012163343401185216e+02,1.236996600903142536e+02,-1.012163343401185216e+02,1.227484217750820079e+02,-1.009078774263783203e+02
1.236219094876641122e+02,-1.015976461675227114e+02,1.236219094876641122e+02,-1.015976461675227114e+02,1.226499294795095238e+02,-1.018327096988239049e+02
1.238795769663322233e+02,-1.019166336941530489e+02,1.238795769663322233e+02,-1.019166336941530489e+02,1.231462417140986929e+02,-1.025965008928261426e+02
1.242473029001916984e+02,-1.022777668237439741e+02,1.243278231924805795e+02,-1.022777668169763388e+02,1.237310872363196523e+02,-1.030802044772495378e+02
1.247650263434042586e+02,-1.027862081642155800e+02,1.248528256393859976e+02,-1.026313988344528099e+02,1.243131488745655702e+02,-1.034732711463344543e+02
1.251674189395694725e+02,-1.031813864149024198e+02,1.254077140832360726e+02,-1.029689900853462774e+02,1.248990896749857882e+02,-1.038299785935924859e+02
1.256959563318588380e+02,-1.037004478883086733e+02,1.259787750515452700e+02,-1.032962678692087053e+02,1.254867296029234041e+02,-1.041668373819361619e+02
1.263943616691338434e+02,-1.043863328026825741e+02,1.265610298002710721e+02,-1.036207399587989784e+02,1.260711073932715607e+02,-1.044925060025973238e+02
1.267234056380755902e+02,-1.047094783510777063e+02,1.271580398587177996e+02,-1.039593967264766263e+02,1.266360097784315570e+02,-1.048123238014814831e+02
1.271422511555181671e+02,-1.051208153803961949e+02,1.277662912311274681e+02,-1.043625585530903948e+02,1.271422501479022742e+02,-1.051439500851965079e+02
1.275150554271413341e+02,-1.054869367747793802e+02,1.283529473543806603e+02,-1.049411006104707411e+02,1.275150554271413341e+02,-1.054869367747793802e+02
1.276635008877349122e+02,-1.059054676083712536e+02,1.286532644920800692e+02,-1.057627510798481296e+02,1.276635008877349122e+02,-1.059054676083712536e+02
1.276399051765549615e+02,-1.063564455502005330e+02,1.285985798893370600e+02,-1.066409500230514311e+02,1.276399051765549615e+02,-1.063564455502005330e+02
1.274068082994958786e+02,-1.067518276201159466e+02,1.281754042185770857e+02,-1.073915621847376514e+02,1.274068082994958786e+02,-1.067518276201159466e+02
1.269794222791430371e+02,-1.071060681522817788e+02,1.275866896416992660e+02,-1.079005656981395589e+02,1.269794222791430371e+02,-1.071060681522817788e+02
1.264552958636903810e+02,-1.074698190075831974e+02,1.270168838857467790e+02,-1.082920923529691208e+02,1.264477911468475497e+02,-1.074698190075831974e+02
1.259027468386370145e+02,-1.078532954061020490e+02,1.264709849142142417e+02,-1.086734146535155077e+02,1.258987922718096257e+02,-1.078532954061020490e+02
1.253513396619079856e+02,-1.082359793035930409e+02,1.259227000925844209e+02,-1.090555023363351950e+02,1.253513396619079856e+02,-1.082348030867575801e+02
1.248039849713231746e+02,-1.086158507169676994e+02,1.253741310114762939e+02,-1.094370305563383141e+02,1.248034615174508417e+02,-1.086158507169676994e+02
1.242554556811031574e+02,-1.089965371056708250e+02,1.248253488832477274e+02,-1.098180940333112403e+02,1.242552223932071058e+02,-1.089965371056708250e+02
1.237066899692430582e+02,-1.093773876943884318e+02,1.242764267453394211e+02,-1.101987919295629013e+02,1.237066899692430582e+02,-1.093769646934826483e+02
1.231593644248274586e+02,-1.097572385934124526e+02,1.237274388190460854e+02,-1.105792269687866138e+02,1.231579345515030184e+02,-1.097572385934124526e+02
1.226090285077956707e+02,-1.101391785802680232e+02,1.231784598387689300e+02,-1.109595044599154647e+02,1.226090285077956707e+02,-1.101374655561487401e+02
1.220635423841015950e+02,-1.105177528895905681e+02,1.226295643708429708e+02,-1.113397312521726548e+02,1.220600456517064600e+02,-1.105177528895905681e+02
1.215110605883518815e+02,-1.109011819473315512e+02,1.220808261380493320e+02,-1.117200146485641170e+02,1.215110605883518815e+02,-1.108982073607052570e+02
1.209667585050024314e+02,-1.112789341111367776e+02,1.215323173676881936e+02,-1.121004613081336458e+02,1.209621480379321383e+02,-1.112789341111367776e+02
1.204133821542587555e+02,-1.116629838427983685e+02,1.209841081790203248e+02,-1.124811761675474031e+02,1.204133821542587555e+02,-1.116600356164479990e+02
1.198678192960459796e+02,-1.120416107169324391e+02,1.204362660239703899e+02,-1.128622614121526624e+02,1.198648358563780647e+02,-1.120416107169324391e+02
1.193187679584265055e+02,-1.124226586637898890e+02,1.198866674230155667e+02,-1.132453335965493579e+02,1.193187679584265055e+02,-1.124222356691315667e+02
1.188293935366934448e+02,-1.127622899555494627e+02,1.192733980548478456e+02,-1.136583145020092473e+02,1.188293935366934448e+02,-1.127622899555494627e+02
1.184077030634427672e+02,-1.129185899503844581e+02,1.184383438971107410e+02,-1.139181204098063489e+02,1.184077030634427672e+02,-1.129185899503844581e+02
1.175927724011342832e+02,-1.127884408462824553e+02,1.175927724011342832e+02,-1.137096667301422173e+02,1.179818005118239626e+02,-1.127884408462824553e+02
1.173567570051525450e+02,-1.125635883012192124e+02,1.169514631263438815e+02,-1.133333922985709421e+02,1.174757944108034877e+02,-1.124818779392457770e+02
1.169608802858878533e+02,-1.121864365380529875e+02,1.163398318763774313e+02,-1.129408599014772392e+02,1.169608802921657258e+02,-1.121570876990824104e+02
1.166350953168957858e+02,-1.118760610170819092e+02,1.157329726799313505e+02,-1.123075407360448565e+02,1.166350953168957858e+02,-1.118760610170819092e+02
1.166168334719191648e+02,-1.114261033523759181e+02,1.156169465280231350e+02,-1.114261033523759181e+02,1.166168334719191648e+02,-1.114411399552595867e+02
1.166881602663390112e+02,-1.107623289966912523e+02,1.157086253513274272e+02,-1.107029699149896942e+02,1.166991485204745658e+02,-1.108403156516644117e+02
1.167659302842170064e+02,-1.100387009878604800e+02,1.158055381795143148e+02,-1.100387009878604800e+02,1.167950694350997196e+02,-1.101830197122852013e+02
1.168369345315021235e+02,-1.093779915964377807e+02,1.159018582226259326e+02,-1.093779695452875842e+02,1.168914080672129359e+02,-1.095221607554143475e+02
1.168924611074972546e+02,-1.088612932810163301e+02,1.159980960209091592e+02,-1.087172224989325997e+02,1.169876634060577345e+02,-1.088612932810163301e+02
1.169789631076928345e+02,-1.080564605909013665e+02,1.160942562654767158e+02,-1.080564605909013665e+02,1.170838401592495615e+02,-1.082004179359219904e+02
1.170361853394961713e+02,-1.075240826323604892e+02,1.161903435861483302e+02,-1.073956845493534473e+02,1.171799429719685719e+02,-1.075395353595152272e+02
1.171055633238222669e+02,-1.068786461845347304e+02,1.162863625565977514e+02,-1.067348950894563160e+02,1.172759764321389895e+02,-1.068786461845347304e+02
1.171920489168766011e+02,-1.060740929141200439e+02,1.163823176976426765e+02,-1.060740929141200439e+02,1.173719450737665824e+02,-1.062177510375455398e+02
1.172548798051167438e+02,-1.054896406879909989e+02,1.164782134820272290e+02,-1.054132787149836759e+02,1.174678533817787809e+02,-1.055568505395864349e+02
1.173293084784406517e+02,-1.047974572125146580e+02,1.165740543372671141e+02,-1.047524531730242359e+02,1.175637057949019209e+02,-1.048959453066109972e+02
1.173914071149048937e+02,-1.042199243022956949e+02,1.166698446502615383e+02,-1.040916169591341855e+02,1.176595067102233116e+02,-1.042350359504576289e+02
1.174728425239048448e+02,-1.034626284397875651e+02,1.167655887706322488e+02,-1.034307707350126293e+02,1.177552604866230723e+02,-1.035741230791433622e+02
1.175388711337518401e+02,-1.028487425863276599e+02,1.168612910144974535e+02,-1.027699151538988218e+02,1.178509714485785480e+02,-1.029132072974275474e+02
1.176163547271518155e+02,-1.021283732751461599e+02,1.169569556676325419e+02,-1.021090508610938912e+02,1.179466438893207965e+02,-1.022522892073966716e+02
1.176764831280980985e+02,-1.015694682407246319e+02,1.170525869893345003e+02,-1.014481784946605671e+02,1.180422820747171926e+02,-1.015913694090696993e+02
1.177555282280528388e+02,-1.008347430610011770e+02,1.171481892154437077e+02,-1.007872986860128606e+02,1.181378902463145408e+02,-1.009304485008685504e+02
1.178163500392791150e+02,-1.002695270802680056e+02,1.172437665620603013e+02,-1.001264120605158041e+02,1.182334726250514052e+02,-1.002695270802680056e+02
1.178874736718211551e+02,-9.960860574417608859e+01,1.173393232286197900e+02,-9.946551923817290231e+01,1.183290334143811577e+02,-9.960860574417608859e+01
1.179740150251708428e+02,-9.880462083412338359e+01,1.174348634012057033e+02,-9.880462083412338359e+01,1.184245768035685131e+02,-9.894768508955924347e+01
1.180297586216037473e+02,-9.828676571396935913e+01,1.175303912558142230e+02,-9.814371745922933599e+01,1.185201069709647044e+02,-9.828676571396935913e+01
1.181163031718267433e+02,-9.748280972064381444e+01,1.176259109615745047e+02,-9.748280972064381444e+01,1.186156280872354785e+02,-9.762584821606861851e+01
1.181813196521162439e+02,-9.687896439219241529e+01,1.177214266839603880e+02,-9.682189822235984877e+01,1.187111443185745969e+02,-9.696493319617276541e+01
1.182470924122304297e+02,-9.626824372822544262e+01,1.178169425880045225e+02,-9.616098356576655704e+01,1.188066598299215713e+02,-9.630402125678573100e+01
1.183298207389957071e+02,-9.550006635018812062e+01,1.179124628414828919e+02,-9.550006635018812062e+01,1.189021787881459318e+02,-9.564311300314048481e+01
1.184009963392983593e+02,-9.483914721178014418e+01,1.180079916181360886e+02,-9.483914717341077960e+01,1.189977053652623624e+02,-9.498220904376516671e+01
1.184721910954912687e+02,-9.417822663221411972e+01,1.181035331009088054e+02,-9.417822663221411972e+01,1.190932437416644802e+02,-9.432130999104742841e+01
1.185374981810548434e+02,-9.357197602093924615e+01,1.181990914852096068e+02,-9.351730532294875786e+01,1.191887981093900066e+02,-9.366041646176545044e+01
1.186145921151384357e+02,-9.285638384202518125e+01,1.182946709820935496e+02,-9.285638384202518125e+01,1.192843726752865336e+02,-9.299952907768083321e+01
1.186704602182104509e+02,-9.233788310427573265e+01,1.183902758216789550e+02,-9.219546278639315062e+01,1.193799716643978002e+02,-9.233864846621138156e+01
1.187425007405868627e+02,-9.166928413713087309e+01,1.184859102565683457e+02,-9.153454275421267994e+01,1.194755993234074793e+02,-9.167777526092501716e+01
1.188127974829630915e+02,-9.101691010215201061e+01,1.185815785650250831e+02,-9.087362434533211797e+01,1.195712599237929084e+02,-9.101691010215201061e+01
1.188882988951447288e+02,-9.031634905160730398e+01,1.186772850546044538e+02,-9.021270816177771223e+01,1.196669577654168961e+02,-9.035605363772002363e+01
1.189707058402178887e+02,-8.955179480830688021e+01,1.187730340656557786e+02,-8.955179480830688021e+01,1.197626971800117559e+02,-8.969520652359969404e+01
1.190419521470067252e+02,-8.889088489313807884e+01,1.188688299750457418e+02,-8.889088489313807884e+01,1.198584825349250309e+02,-8.903436942444507451e+01
1.190977194287845009e+02,-8.837354301442488236e+01,1.189646771994396772e+02,-8.822997902825838423e+01,1.199543182363192102e+02,-8.837354301442488236e+01
1.191714115008874018e+02,-8.769007372509219067e+01,1.190605801997433133e+02,-8.756907783013325286e+01,1.200502087335969605e+02,-8.771272797800189380e+01
1.192402160573384435e+02,-8.705192501030369101e+01,1.191565434844080329e+02,-8.690818192051868607e+01,1.201461585227633719e+02,-8.705192501030369101e+01
1.193162463939632119e+02,-8.634679110879540076e+01,1.192525716133712734e+02,-8.624729192649152765e+01,1.202421721501735448e+02,-8.639113481842804276e+01
1.193827140545494672e+02,-8.573035811328458067e+01,1.193486692030651568e+02,-8.558640848152140279e+01,1.203382542175966421e+02,-8.573035812207228901e+01
1.194623964087994352e+02,-8.499143014949065389e+01,1.194448409296388718e+02,-8.492553222630668586e+01,1.204344093854999755e+02,-8.506959565388179101e+01
1.195382052248332201e+02,-8.428845689648298389e+01,1.195382052248332201e+02,-8.428845689648298389e+01,1.205335286859453419e+02,-8.438505507327622013e+01
1.195694339105374127e+02,-8.370414972016659760e+01,1.195694339105374127e+02,-8.370414972016659760e+01,1.205672637784035146e+02,-8.363830479026067621e+01
1.194702810376986264e+02,-8.316104497219942004e+01,1.194702810376986264e+02,-8.316104497219942004e+01,1.204271066393836946e+02,-8.287038233621052541e+01
1.192520038692544375e+02,-8.265701700656104833e+01,1.192520038692544375e+02,-8.265701700656104833e+01,1.201150670939365597e+02,-8.215192110457677188e+01
1.189249104367723646e+02,-8.222553824006521950e+01,1.189249104367723646e+02,-8.222553824006521950e+01,1.196362896847764716e+02,-8.152272989811905290e+01
1.185131170783642744e+02,-8.185385205176461909e+01,1.184685535570146016e+02,-8.187452241667861585e+01,1.190420695959932260e+02,-8.105532808501226327e+01
1.179681773124660680e+02,-8.136198715293413386e+01,1.179220693596728751e+02,-8.153272764447847010e+01,1.184569377257358980e+02,-8.068779224399803240e+01
1.176065992241802292e+02,-8.103562496697595918e+01,1.173561584517117780e+02,-8.117096452929642680e+01,1.178975716645295364e+02,-8.033020788615503704e+01
1.169804917022118502e+02,-8.047049676401393015e+01,1.167938458263028423e+02,-8.080620803429246735e+01,1.173394172835975127e+02,-7.996814372590952757e+01
1.165501282374804930e+02,-8.008204895040930182e+01,1.162343101599065847e+02,-8.044065946321333627e+01,1.167808551466807216e+02,-7.960322971843945083e+01
1.161710088589751706e+02,-7.973985285802314138e+01,1.156761887620105114e+02,-8.007677154857722712e+01,1.162202010285824230e+02,-7.923769428525798730e+01
1.152776277908487685e+02,-7.893347916288040267e+01,1.151178058401856958e+02,-7.971676743263833487e+01,1.156560947348756940e+02,-7.887400704803698659e+01
1.150447545124540341e+02,-7.872328585934072009e+01,1.145575341162525689e+02,-7.936224996839099788e+01,1.150877699482986856e+02,-7.851439976793436415e+01
1.144930396902079792e+02,-7.822530218248635947e+01,1.139762130093643293e+02,-7.900255955682371223e+01,1.145330209294093606e+02,-7.817191827433461526e+01
1.140329094512405987e+02,-7.780998358008839944e+01,1.133961097479069196e+02,-7.858101285179871809e+01,1.140329094512405987e+02,-7.780998358008839944e+01
1.135870817096379852e+02,-7.739149532460001524e+01,1.128680942274120156e+02,-7.808651834609094067e+01,1.135870817096379852e+02,-7.739149532460001524e+01
1.131766545250102070e+02,-7.692252925454593537e+01,1.123988875514935444e+02,-7.755108198495662464e+01,1.131766545250102070e+02,-7.692252925454593537e+01
1.127996217830618235e+02,-7.641605488306636573e+01,1.119783770219527383e+02,-7.698663094491165282e+01,1.127996217830618235e+02,-7.641605488306636573e+01
1.124535979517386863e+02,-7.592223395337926206e+01,1.115989722251503053e+02,-7.640040161808086339e+01,1.124535979517386863e+02,-7.588115710202579578e+01
1.120899708775599208e+02,-7.540329076786569829e+01,1.112552692857260297e+02,-7.579688583884130537e+01,1.121365102350173117e+02,-7.532421852529806472e+01
1.117527040943579095e+02,-7.492196627721170898e+01,1.109436344631608762e+02,-7.517884753071800219e+01,1.118469259716012090e+02,-7.474982019967765723e+01
1.112449208146324793e+02,-7.419729171828582537e+01,1.106619507653902446e+02,-7.454781349608607854e+01,1.115842714763931411e+02,-7.416138820439941526e+01
1.109055102171478495e+02,-7.371290726021273088e+01,1.104097140405637987e+02,-7.390449040512716294e+01,1.113490259923495245e+02,-7.356142618776767961e+01
1.105942280086920135e+02,-7.326866581904934606e+01,1.101942053839066489e+02,-7.326866581904934606e+01,1.111359844933525380e+02,-7.293243359422351091e+01
1.101478919705482724e+02,-7.263168471598004317e+01,1.099697013235674063e+02,-7.266973625398001957e+01,1.108912023522074008e+02,-7.228136033529371218e+01
1.097028092224840208e+02,-7.199649099960896592e+01,1.097028092224840208e+02,-7.210079137251020143e+01,1.105910747214880274e+02,-7.164146098675377061e+01
1.093925430796750788e+02,-7.155369842766162947e+01,1.093925430796750788e+02,-7.155369842766162947e+01,1.102426574428707511e+02,-7.102710031763044185e+01
1.090412444479359095e+02,-7.103270779041689309e+01,1.090412444479359095e+02,-7.103270779041689309e+01,1.098474389850344295e+02,-7.044105724461091711e+01
1.086506664020503763e+02,-7.054258174631512190e+01,1.086506664020503763e+02,-7.054258174631512190e+01,1.094058361738754854e+02,-6.988705248249722501e+01
1.082222638075711387e+02,-7.008889366662431541e+01,1.082222638075711387e+02,-7.008889366662431541e+01,1.089174811194437069e+02,-6.937009404971242077e+01
1.077575391627027130e+02,-6.967827429889665325e+01,1.077575391627027130e+02,-6.967827429889665325e+01,1.083815843476717333e+02,-6.889688604257524673e+01
1.072584765184736568e+02,-6.931855349974858882e+01,1.072584765184736568e+02,-6.931855349974858882e+01,1.077975129937695158e+02,-6.847627107781363520e+01
1.067280670589749292e+02,-6.901868026216814656e+01,1.067280670589749292e+02,-6.901868026216814656e+01,1.071657644993419041e+02,-6.811955793973575624e+01
1.061708271715777414e+02,-6.878823449111602883e+01,1.061708271715777414e+02,-6.878823449111602883e+01,1.064895037530497461e+02,-6.784037097962225005e+01
1.055743219973642084e+02,-6.862854029133089284e+01,1.055743219973642084e+02,-6.863243368626646657e+01,1.057953237112183018e+02,-6.765716026692521723e+01
1.049610248976396605e+02,-6.846435055408002768e+01,1.049361911938086251e+02,-6.851076017851002575e+01,1.051216424371355771e+02,-6.752810671143808463e+01
1.044630041017316273e+02,-6.833102229697495034e+01,1.042818671601579865e+02,-6.838884568263016206e+01,1.044630041017316273e+02,-6.740538779924249013e+01
1.038041153818470406e+02,-6.815462727867900128e+01,1.036267931625537670e+02,-6.826959143870935520e+01,1.038041153818470406e+02,-6.728543858953149481e+01
1.029865964174866093e+02,-6.793576464940949222e+01,1.029710380871399167e+02,-6.815266469864549492e+01,1.031450500140306730e+02,-6.716792115370613203e+01
1.023722418771895235e+02,-6.777129197954920414e+01,1.023146679265442884e+02,-6.803772940948519476e+01,1.024858781190362862e+02,-6.705249488411226366e+01
1.016577889854143848e+02,-6.758002141185511391e+01,1.016577461897070975e+02,-6.792444666544881215e+01,1.018266666513562768e+02,-6.693881697959503185e+01
1.011275164748525839e+02,-6.743805898540749411e+01,1.010003343335411188e+02,-6.781247513681240946e+01,1.011674798681592478e+02,-6.682654290270237141e+01
1.004075647388127095e+02,-6.724531659902405067e+01,1.003424922153426593e+02,-6.770147147759439576e+01,1.005083798119624845e+02,-6.671532681006954135e+01
9.976320259375779642e+01,-6.707281012987705537e+01,9.968427856112259633e+01,-6.759109071937319868e+01,9.984942680359938549e+01,-6.660482196390802301e+01
9.909048229325662760e+01,-6.689271049276840131e+01,9.902575144819658703e+01,-6.748098665113452910e+01,9.919067994195802385e+01,-6.649468112446159296e+01
9.842834745766964488e+01,-6.671544456945227353e+01,9.836696879813626992e+01,-6.737081219520449338e+01,9.853219760604918065e+01,-6.638455693360349130e+01
9.777952341146968251e+01,-6.654174209519747762e+01,9.770798887664443555e+01,-6.726021977965038445e+01,9.787403795795052019e+01,-6.627410229040410172e+01
9.709251541340285030e+01,-6.635781680772767288e+01,9.704887079773658343e+01,-6.714886171475967558e+01,9.721625944211228898e+01,-6.616297072599161311e+01
9.646679232113497449e+01,-6.619029970136696761e+01,9.638967503000185388e+01,-6.703639057687084346e+01,9.655892127757707044e+01,-6.605081678070857265e+01
9.573046389899805320e+01,-6.599316834361037820e+01,9.573046389899805320e+01,-6.692245960839098018e+01,9.590208394121033564e+01,-6.593729639292307354e+01
9.517747673187108148e+01,-6.584511998452134662e+01,9.506582120796596769e+01,-6.680572024335529591e+01,9.525129051549782844e+01,-6.582307018562178769e+01
9.461877979667156069e+01,-6.569554299158737365e+01,9.438938478760007911e+01,-6.666887640302103080e+01,9.461877979667156069e+01,-6.569554299158737365e+01
9.400861864017795710e+01,-6.553098740493477692e+01,9.371040017592557092e+01,-6.648548504640852741e+01,9.400861864017795710e+01,-6.553098740493477692e+01
9.342007528740258238e+01,-6.532162047315900111e+01,9.304113164622440024e+01,-6.624704022484503696e+01,9.342007528740258238e+01,-6.532162047315900111e+01
9.286034371668591803e+01,-6.506153238417144280e+01,9.239035647036126875e+01,-6.594420559000255366e+01,9.286034371668591803e+01,-6.506153238417144280e+01
9.233783832092136379e+01,-6.474620640644714342e+01,9.177022648704944174e+01,-6.556950271158190446e+01,9.233783832092136379e+01,-6.474620640644714342e+01
9.186124639609877818e+01,-6.437346610433321814e+01,9.119565975866842678e+01,-6.511978669769383998e+01,9.186124639609877818e+01,-6.437346610433321814e+01
9.143818529845633236e+01,-6.394427520495695916e+01,9.068185780575244337e+01,-6.459846839032366006e+01,9.143818529845633236e+01,-6.394427520495695916e+01
9.107385229217250355e+01,-6.346294481305218227e+01,9.024054310391680644e+01,-6.401575200979317515e+01,9.107385229217250355e+01,-6.346294481305218227e+01
9.077023142184799553e+01,-6.293803753395769007e+01,8.987701573976232794e+01,-6.338612957144046334e+01,9.077023142184799553e+01,-6.293650111896417343e+01
9.052277335738497754e+01,-6.251022592651063547e+01,8.959321526708492911e+01,-6.273333039627734564e+01,9.052277335738497754e+01,-6.236465471663773741e+01
9.023341907452572741e+01,-6.200998286005672355e+01,8.936016033687469928e+01,-6.208732076153668089e+01,9.030304794282737646e+01,-6.175420972518272578e+01
8.982900753812214134e+01,-6.131082418296259817e+01,8.913988877009953171e+01,-6.145116065293384366e+01,9.008634434160794058e+01,-6.112832656061909375e+01
8.953494138178594142e+01,-6.080243363671269918e+01,8.892606604669074954e+01,-6.081473400947878361e+01,8.987482638481327513e+01,-6.049873745758995369e+01
8.910927814726117902e+01,-6.006652960635646110e+01,8.871622256478084978e+01,-6.017916246592848495e+01,8.966595030188756255e+01,-5.986608543807408012e+01
8.862611818346053383e+01,-5.923122332977709448e+01,8.850763343180460652e+01,-5.954541367003274388e+01,8.945699344259611507e+01,-5.923122332977709448e+01
8.842616345686847978e+01,-5.888553255457458846e+01,8.829779218785844819e+01,-5.891479909606260890e+01,8.924514267694738123e+01,-5.859460064069008922e+01
8.809905863351887945e+01,-5.832001842634743838e+01,8.809905863351887945e+01,-5.832904440025145476e+01,8.901030796551007995e+01,-5.791718926194963757e+01
8.782289560302720588e+01,-5.784257466181790619e+01,8.782289560302720588e+01,-5.784257466181790619e+01,8.862660910704300932e+01,-5.724755818854794143e+01
8.743142741260288631e+01,-5.743004283124908937e+01,8.743142741260288631e+01,-5.743004283124908937e+01,8.810356147532021964e+01,-5.668961336010745100e+01
8.695303474165329760e+01,-5.706058544337729899e+01,8.695303474165329760e+01,-5.706058544337729899e+01,8.752685142728533663e+01,-5.624160167596169657e+01
8.641949068912342113e+01,-5.672420589879693154e+01,8.641949068912342113e+01,-5.672420589879693154e+01,8.693133385482056497e+01,-5.586512698872572713e+01
8.585114220719985667e+01,-5.639399075094264191e+01,8.585114220719962930e+01,-5.640535756837249437e+01,8.633510696672227880e+01,-5.553027008043760304e+01
8.526772362245436909e+01,-5.605501990010708369e+01,8.526772362245434067e+01,-5.608750632731806718e+01,8.574573512420714394e+01,-5.520915275147743273e+01
8.468147781586040423e+01,-5.571440694162898666e+01,8.468147781586040423e+01,-5.576882373375418211e+01,8.515858528748856315e+01,-5.488997877557522287e+01
8.422775530406836708e+01,-5.545079134840670321e+01,8.409487728520663552e+01,-5.545079134840670321e+01,8.457108289074004404e+01,-5.457145738382978806e+01
8.350790452262651797e+01,-5.503255425949291890e+01,8.350790452262651797e+01,-5.513327214009984090e+01,8.398335368115485267e+01,-5.425352894026553230e+01
8.292061387433442121e+01,-5.469133521369167994e+01,8.292061362963680438e+01,-5.481617137749752544e+01,8.339544842073239295e+01,-5.393609642548196348e+01
8.242820035267520495e+01,-5.440524098600356950e+01,8.233305700643620639e+01,-5.449939609970273580e+01,8.280741683486186844e+01,-5.361906505221209329e+01
8.174528566619072478e+01,-5.400846545722333758e+01,8.174528566619072478e+01,-5.418285469891520734e+01,8.221930789385207561e+01,-5.330234182127912845e+01
8.132429790953167981e+01,-5.376387135038093135e+01,8.115734953050422007e+01,-5.386645651718361449e+01,8.163117008396422136e+01,-5.298583509845769157e+01
8.056931458467209950e+01,-5.332522589763350140e+01,8.056929770939655100e+01,-5.355011145531707228e+01,8.104305167008399735e+01,-5.266945420943026335e+01
8.001369784592365875e+01,-5.300241337934177466e+01,7.998117877070932025e+01,-5.323372958673361666e+01,8.045500095552402797e+01,-5.235310904576411417e+01
7.986706654122311022e+01,-5.291722077350588904e+01,7.939304100251244733e+01,-5.291722077350588904e+01,7.986706654122311022e+01,-5.203670967837416583e+01
7.909175269533446340e+01,-5.250024401141209296e+01,7.880493267244057165e+01,-5.260049427909764574e+01,7.927929758871485433e+01,-5.172016597317531250e+01
7.838487708855969061e+01,-5.212007444669585254e+01,7.821690228680962775e+01,-5.228345837385793970e+01,7.869174409041424667e+01,-5.140338720540080431e+01
7.776141315509359231e+01,-5.178476668527790139e+01,7.762899885503549058e+01,-5.196601992733311448e+01,7.810445715108323839e+01,-5.108628166584883701e+01
7.713825908817528898e+01,-5.144962565675422184e+01,7.704127216019146829e+01,-5.164808398510708543e+01,7.751748928393190852e+01,-5.076875625834284023e+01
7.667461675855315661e+01,-5.120027303024060217e+01,7.645377304218320091e+01,-5.132955332003721338e+01,7.693089472843121257e+01,-5.045071607884185738e+01
7.619955801134658202e+01,-5.094478139481100953e+01,7.586807240731560853e+01,-5.101115142838204974e+01,7.634321108192013128e+01,-5.013124050113141550e+01
7.574532341723264040e+01,-5.070048865024774898e+01,7.528904229998389042e+01,-5.070048865024774898e+01,7.574532341723264040e+01,-4.981065296763986794e+01
7.470624997089589669e+01,-5.033101571697339693e+01,7.470624997089589669e+01,-5.041513264336590083e+01,7.512869737809765525e+01,-4.950874520515389321e+01
7.420333351375843733e+01,-5.015218895929092469e+01,7.411259837944436413e+01,-5.015218898002117243e+01,7.450129235835660779e+01,-4.923082206572623676e+01
7.352217809998359144e+01,-4.990998406957420741e+01,7.350871228149061665e+01,-4.990998407072275000e+01,7.386567269944525549e+01,-4.897586456016018275e+01
7.289598540545476624e+01,-4.968732276135781945e+01,7.289598540545476624e+01,-4.968732276135781945e+01,7.322321121602557525e+01,-4.874237658887165026e+01
7.227563665964513007e+01,-4.948302017990933166e+01,7.227563665964513007e+01,-4.948302017990933166e+01,7.257507436667225420e+01,-4.852890432760924000e+01
7.164872590859464196e+01,-4.929591814561874941e+01,7.164872590859464196e+01,-4.929591814561874941e+01,7.192225011506265275e+01,-4.833405302592885988e+01
7.101617060793179803e+01,-4.912489544395452157e+01,7.101617060793179803e+01,-4.912489544395452157e+01,7.126557390278418325e+01,-4.815649573488972379e+01
7.037876210176928282e+01,-4.896887325851777462e+01,7.037876210176928282e+01,-4.896887325851777462e+01,7.060575199034484228e+01,-4.799497614357981945e+01
6.973718084131424177e+01,-4.882681676989867015e+01,6.973718084131424177e+01,-4.882681676989867015e+01,6.994338199938313494e+01,-4.784830714684376574e+01
6.909201016033757980e+01,-4.869773371805663231e+01,6.909201016033757980e+01,-4.869773371805663231e+01,6.927897073093559754e+01,-4.771536629949998343e+01
6.846324673940419814e+01,-4.857268136688108484e+01,6.844329882743824101e+01,-4.858059315577060033e+01,6.861339910085038696e+01,-4.759516639695738149e+01
6.778876284663917318e+01,-4.843853818933339994e+01,6.778876284663917318e+01,-4.847282717060774360e+01,6.795012829953535061e+01,-4.748593244946894742e+01
6.729042001566809006e+01,-4.833942765759727678e+01,6.713017230690242343e+01,-4.836590565285226262e+01,6.729042001566809006e+01,-4.737882882107301441e+01
6.663126618333527063e+01,-4.820834380704523170e+01,6.647102574609124304e+01,-4.825889850395856939e+01,6.663126618333527063e+01,-4.727182049170632894e+01
6.581187842604954596e+01,-4.804538927164157514e+01,6.581187842604954596e+01,-4.815189623793051510e+01,6.597211152658964295e+01,-4.716481703467917441e+01
6.531295603862780297e+01,-4.794617601754643488e+01,6.515273033956684401e+01,-4.804489889813197578e+01,6.531295603862780297e+01,-4.705781849342299950e+01
6.465379971270502324e+01,-4.781510077665674885e+01,6.449358147946682607e+01,-4.793790652764072036e+01,6.465379971270502324e+01,-4.695082491108713896e+01
6.383443183861604098e+01,-4.765218485075332921e+01,6.383443183861604098e+01,-4.783091916924126963e+01,6.399464254213194181e+01,-4.684383633052966900e+01
6.333548452027444853e+01,-4.755297833549251862e+01,6.317528140992368435e+01,-4.772393686541612823e+01,6.333548452027444853e+01,-4.673685279430873862e+01
6.267632564055528377e+01,-4.742192368716144557e+01,6.251613018634349572e+01,-4.761695965833768440e+01,6.267632564055528377e+01,-4.662987434467432735e+01
6.185697816087725442e+01,-4.725904022472570887e+01,6.185697816087725442e+01,-4.750998758986024484e+01,6.201716589645752009e+01,-4.652290102356037949e+01
6.135800528152280009e+01,-4.715984066924826834e+01,6.119782532657406904e+01,-4.740302070151165736e+01,6.135800528152280009e+01,-4.641593287257614264e+01
6.053867167654367876e+01,-4.699695916843374022e+01,6.053867167654073711e+01,-4.729605903448780424e+01,6.069884378934323621e+01,-4.630896993299777620e+01
5.998454244075775676e+01,-4.688681073803508070e+01,5.987951720391212973e+01,-4.718910262966488034e+01,6.003968141359013089e+01,-4.620201224579002286e+01
5.938051814800249417e+01,-4.676677395317127406e+01,5.922036190188427440e+01,-4.708215152751764521e+01,5.938051814800249417e+01,-4.609505985151722740e+01
5.872135398635703041e+01,-4.663578266954044693e+01,5.856120576372718745e+01,-4.697520576819962201e+01,5.872135398635703041e+01,-4.598811279041662914e+01
5.790204878273079458e+01,-4.647297257998583575e+01,5.790204878273079458e+01,-4.686826539150595750e+01,5.806218892252318398e+01,-4.588117110237888596e+01
5.724289095227036483e+01,-4.634200269135506289e+01,5.724289095227036483e+01,-4.676133043681257817e+01,5.740302295042587133e+01,-4.577423482687060385e+01
5.663187466641276302e+01,-4.622059834351350815e+01,5.658373226575667303e+01,-4.665440094318049802e+01,5.674385606405700599e+01,-4.566730400304853532e+01
5.608468825748879993e+01,-4.611188593117466183e+01,5.592457271667208119e+01,-4.654747694920617107e+01,5.608468825748879993e+01,-4.556037866960632243e+01
5.542551952484939903e+01,-4.598093515327375513e+01,5.526541229855202886e+01,-4.644055849316198703e+01,5.542551952484939903e+01,-4.545345886491396925e+01
5.476634986035176667e+01,-4.585000354838191328e+01,5.460625100499827056e+01,-4.633364561285102212e+01,5.476634986035176667e+01,-4.534654462687516485e+01
5.410717829335271034e+01,-4.571907068714747879e+01,5.394708882966748575e+01,-4.622673834572727714e+01,5.410717925827116659e+01,-4.523963599304570238e+01
5.337037529470618580e+01,-4.557272651447717493e+01,5.328792576628853084e+01,-4.611983672876620943e+01,5.344800771296667818e+01,-4.513273300050472159e+01
5.272672008959998635e+01,-4.544488301182572343e+01,5.262876180864589770e+01,-4.601294079857843400e+01,5.278883521886151442e+01,-4.502583568596785568e+01
5.196959695059690887e+01,-4.529452291429500832e+01,5.196959695059690887e+01,-4.590605059128444765e+01,5.212966177046672556e+01,-4.491894408566307817e+01
5.136597094983351752e+01,-4.517465699236932153e+01,5.131043118606284281e+01,-4.579916614262069174e+01,5.147048736235636568e+01,-4.481205823543409394e+01
5.081131198919834446e+01,-4.506450707802300570e+01,5.065126450902961608e+01,-4.569228748783347527e+01,5.081131198919834446e+01,-4.470517817063925037e+01
5.015213564572137273e+01,-4.493363039966427408e+01,4.999209691356547580e+01,-4.558541466174798273e+01,5.015213564572137273e+01,-4.459830392621223183e+01
4.947247690801004438e+01,-4.479868525292927472e+01,4.933292839378781025e+01,-4.547854769872627401e+01,4.949295832675146301e+01,-4.449143553663138562e+01
4.867375894390821855e+01,-4.464012823732802104e+01,4.867375894390821855e+01,-4.537168663264520774e+01,4.883378002718153965e+01,-4.438457303588542402e+01
4.801458855819728200e+01,-4.450926653971385605e+01,4.801458855819728200e+01,-4.526483149695751251e+01,4.817460074198334752e+01,-4.427771645754214092e+01
4.735541723099384370e+01,-4.437841519007538693e+01,4.735541723099384370e+01,-4.515798232459935235e+01,4.751542046623323046e+01,-4.417086583465860627e+01
4.677111842729809155e+01,-4.426243488696367478e+01,4.669624495672634623e+01,-4.505113914803789754e+01,4.685623919506883794e+01,-4.406402119981833465e+01
4.603707172989371088e+01,-4.411674360758109259e+01,4.603707172989371088e+01,-4.494430199926292602e+01,4.619705692371289274e+01,-4.395718258512973620e+01
4.553787364747575594e+01,-4.401767352400709399e+01,4.537789754506945172e+01,-4.483747090977275462e+01,4.553787364747575594e+01,-4.385035002221192002e+01
4.484279483986419024e+01,-4.387973675417795505e+01,4.471872239690128481e+01,-4.473064591057105588e+01,4.487868936175614465e+01,-4.374352354219156780e+01
4.405954628011951257e+01,-4.372431981361144437e+01,4.405954628011951257e+01,-4.462382703215195789e+01,4.421950406203506390e+01,-4.363670317568578838e+01
4.352361695889139526e+01,-4.361797462843384210e+01,4.340036918953188660e+01,-4.451701430451584685e+01,4.356031774387832911e+01,-4.352988895281907133e+01
4.290112722972792625e+01,-4.349445246078106919e+01,4.274119112002455978e+01,-4.441020775714285662e+01,4.290113040294526314e+01,-4.342308090319812663e+01
4.224194005109707462e+01,-4.336365796247077498e+01,4.208201206656605109e+01,-4.430340741899942714e+01,4.224194203497810918e+01,-4.331627905591602712e+01
4.158287698142906663e+01,-4.323289258903622567e+01,4.142270767858744307e+01,-4.419659315776425501e+01,4.158287698142906663e+01,-4.320950360031405069e+01
4.093431490190300082e+01,-4.310421452679419474e+01,4.075300755319377544e+01,-4.408764100869511537e+01,4.093431490190300082e+01,-4.310421452679419474e+01
4.031538649839472299e+01,-4.297700788434124775e+01,4.006427549466291538e+01,-4.394496618086274964e+01,4.031538649839472299e+01,-4.297700788434124775e+01
3.973832369090221306e+01,-4.279669754632485734e+01,3.936790144071492392e+01,-4.372556102206613815e+01,3.973832369090221306e+01,-4.279669754632485734e+01
3.921778599777709928e+01,-4.254339155286506724e+01,3.869023408045725887e+01,-4.339291434510325729e+01,3.921778599777709928e+01,-4.254339155286506724e+01
3.877536949080882067e+01,-4.220342996099727628e+01,3.807706056899549907e+01,-4.291922647517984757e+01,3.877536949080882067e+01,-4.220342996099727628e+01
3.842762604061281451e+01,-4.177420572793079856e+01,3.758552341788307416e+01,-4.231352304898741323e+01,3.842762604061281451e+01,-4.177420572793079856e+01
3.817880920097466912e+01,-4.126712434748045411e+01,3.724495659771696410e+01,-4.162478244593314258e+01,3.817880920097466912e+01,-4.126712434748045411e+01
3.802107574034118187e+01,-4.090581305122351097e+01,3.704214338615523872e+01,-4.090581305122351097e+01,3.802107574034118187e+01,-4.070162821846661672e+01
3.789060389735417544e+01,-4.008224204480866604e+01,3.694366885090309438e+01,-4.020284771182700467e+01,3.793636928832162880e+01,-4.008224156957439277e+01
3.779456347404419603e+01,-3.947602148627859719e+01,3.687321054060721082e+01,-3.952950359179080664e+01,3.786797046976135306e+01,-3.942726522644181131e+01
3.769751902344787453e+01,-3.886346623780326581e+01,3.680592821877341692e+01,-3.886346623780326581e+01,3.780101967995702239e+01,-3.876450673154201354e+01
3.759199481358664485e+01,-3.819740741574685217e+01,3.674073612786940402e+01,-3.819740741574685217e+01,3.773611273820352352e+01,-3.810135845115192410e+01
3.748540369059464439e+01,-3.752462690093490494e+01,3.667738583100108940e+01,-3.753135843765097235e+01,3.767300421953734713e+01,-3.743784894931702212e+01
3.738094836313013047e+01,-3.686534853649954613e+01,3.661562736182114008e+01,-3.686534853649954613e+01,3.761144681010807744e+01,-3.677400508345832719e+01
3.727543643677672236e+01,-3.619940511859140031e+01,3.655520947609691262e+01,-3.619940511859140031e+01,3.755119154529064218e+01,-3.610985224122508441e+01
3.715597178279833201e+01,-3.544541458606717299e+01,3.649587988941102878e+01,-3.553355402431908772e+01,3.749198803586132556e+01,-3.544541458606717299e+01
3.706444980922731247e+01,-3.486781979329231262e+01,3.643738550633509021e+01,-3.486781979329231262e+01,3.743358468790556515e+01,-3.478071531213133483e+01
3.694528312313039464e+01,-3.411577690449534828e+01,3.637947264250927049e+01,-3.420222593522890975e+01,3.737572891731271341e+01,-3.411577690449534828e+01
3.685353677433722908e+01,-3.353679520392666547e+01,3.632188723778538986e+01,-3.353679520392666547e+01,3.731816735726083323e+01,-3.345062140548416352e+01
3.673444548149797129e+01,-3.278527068601191274e+01,3.626437506614360728e+01,-3.287154987217331836e+01,3.726064606443438976e+01,-3.278527068601191274e+01
3.664273134326442971e+01,-3.220651200761669486e+01,3.620668194222131575e+01,-3.220651200761669486e+01,3.720291072359865581e+01,-3.211974671988349428e+01
3.653073047256837924e+01,-3.149979973120252552e+01,3.614855392738213169e+01,-3.154170374811923594e+01,3.714470685347829004e+01,-3.145407185991607335e+01
3.642896691086168204e+01,-3.085770449519644743e+01,3.608973753542233709e+01,-3.087714757466033078e+01,3.708578001420287507e+01,-3.078826911571378488e+01
3.631241935409719446e+01,-3.012236243036855043e+01,3.602997994330325326e+01,-3.021286658146047088e+01,3.702587602153386825e+01,-3.012236243036855043e+01
3.620686679598737356e+01,-2.945637695580377979e+01,3.596902920380923518e+01,-2.954888474197227666e+01,3.696474116491958029e+01,-2.945637695580377979e+01
3.610134198266570849e+01,-2.879059548989163630e+01,3.590661011623716092e+01,-2.888497100414480911e+01,3.690214678673676474e+01,-2.879059548989163630e+01
3.600251584511985214e+01,-2.816706638762878256e+01,3.584602487657338088e+01,-2.824484786254552304e+01,3.683565926898114640e+01,-2.810123808097158005e+01
3.587259882840662328e+01,-2.734739803863791963e+01,3.574323391833374330e+01,-2.769005237212032000e+01,3.668269547036540246e+01,-2.734739803863791963e+01
3.575380555839505803e+01,-2.659793892279022387e+01,3.552614310126149633e+01,-2.728162863883873612e+01,3.625591592356272486e+01,-2.659793892279022387e+01
3.550964850923902105e+01,-2.668551241031309473e+01,3.516073718296363637e+01,-2.705036629979994345e+01,3.550964850923902105e+01,-2.611321055692859616e+01
3.467007525478605601e+01,-2.698664775871971599e+01,3.472087984298824637e+01,-2.698664775871971599e+01,3.463655182236062302e+01,-2.599020970999966451e+01
3.431639380877440004e+01,-2.711350503346744745e+01,3.431639380877440004e+01,-2.711350503346744745e+01,3.378297161268400117e+01,-2.626765589755839159e+01
3.388725712702496651e+01,-2.738945145333169151e+01,3.397073157694156009e+01,-2.750111798732321233e+01,3.321681990659820372e+01,-2.684414219376603228e+01
3.312716480664692398e+01,-2.787821046486379117e+01,3.356367129474823940e+01,-2.800892808429244596e+01,3.278792816196074256e+01,-2.737787928116145864e+01
3.265455268401439071e+01,-2.818211184092125166e+01,3.313802857483947406e+01,-2.852520527722478860e+01,3.236397315784966366e+01,-2.789208742766695437e+01
3.194101971370354676e+01,-2.864093165828848697e+01,3.271956175024525493e+01,-2.904092579406748698e+01,3.194093030506030928e+01,-2.841344426241161258e+01
3.159042894886353281e+01,-2.886637086175304390e+01,3.223610442984504942e+01,-2.962998278757615722e+01,3.159042894886353281e+01,-2.886637086175304390e+01
3.117483509490868698e+01,-2.909522475710246781e+01,3.149454243141672549e+01,-3.004274109943274240e+01,3.117483509490868698e+01,-2.909522475710246781e+01
3.066234754883694436e+01,-2.916582573687184876e+01,3.068972534703053512e+01,-3.016545089470156071e+01,3.066234754883694436e+01,-2.916582573687184876e+01
3.011465673740602611e+01,-2.911579378005562191e+01,2.990990814136427289e+01,-3.009460837558377122e+01,3.011465673740602611e+01,-2.911579378005562191e+01
2.943271343769656667e+01,-2.895643111292236327e+01,2.917877400470239380e+01,-2.985211802881811138e+01,2.958239997530560217e+01,-2.893719394680113055e+01
2.879872816793882251e+01,-2.880827508909749923e+01,2.854445616139587116e+01,-2.950050255503105490e+01,2.905093707562040350e+01,-2.863825138308271789e+01
2.835719675953359697e+01,-2.870509329395949649e+01,2.797943904749377353e+01,-2.915149242767071414e+01,2.847959991168582761e+01,-2.828555991879334286e+01
2.779969357367468064e+01,-2.857480869932626533e+01,2.744387706545428074e+01,-2.886092229886548211e+01,2.784013851572086651e+01,-2.794278458423187317e+01
2.700400091014762793e+01,-2.838886053401721909e+01,2.689739638313890779e+01,-2.867928606187950180e+01,2.712200629623923120e+01,-2.770483730132968958e+01
2.628663633745440009e+01,-2.822121617100745894e+01,2.628663572789383096e+01,-2.859979490262392332e+01,2.640916638559875906e+01,-2.760733017381871335e+01
2.573789402606196219e+01,-2.809297601123858001e+01,2.563083758233358012e+01,-2.852556094365969841e+01,2.573789402606196219e+01,-2.753130799905444093e+01
2.499363714059977326e+01,-2.791904643349975501e+01,2.497084521716655203e+01,-2.845815877893464219e+01,2.506924311085147039e+01,-2.746301162674137331e+01
2.440248198889256059e+01,-2.778089449968015145e+01,2.430811265025759127e+01,-2.839478782152480818e+01,2.440248198889256059e+01,-2.739925056560436900e+01
2.373800760461089254e+01,-2.762560641296606789e+01,2.364286956494539993e+01,-2.833228077399085265e+01,2.373802265541088730e+01,-2.733681812307175818e+01
2.303565324147401938e+01,-2.746146584070107366e+01,2.297544100901793840e+01,-2.826739430202915315e+01,2.307616018833350680e+01,-2.727247940772009827e+01
2.241710652363163447e+01,-2.731691014823811514e+01,2.230627875341862776e+01,-2.819695428024312989e+01,2.241710652363163447e+01,-2.720311465266249584e+01
2.174949448849333677e+01,-2.716088697354947357e+01,2.162539725219205522e+01,-2.811655028432775438e+01,2.177160861393813818e+01,-2.712729691046625291e+01
2.121672772266710894e+01,-2.703637688354873703e+01,2.086843864415682503e+01,-2.797376405958138079e+01,2.121672772266710894e+01,-2.703637688354873703e+01
2.079034692733839407e+01,-2.678091614499860640e+01,2.015250321017251522e+01,-2.755108196641111817e+01,2.079034692733839407e+01,-2.678091614499860640e+01
2.045120367128374639e+01,-2.639641267955451198e+01,1.961051149457390252e+01,-2.693792598873431743e+01,2.045120367128374639e+01,-2.639641267955451198e+01
2.024728571660783061e+01,-2.595126709542494226e+01,1.927146366714676518e+01,-2.616983362485158793e+01,2.024728571660783061e+01,-2.595126709542494226e+01
2.024526313539108102e+01,-2.543306400060085437e+01,1.924776944190336181e+01,-2.536230856651819821e+01,2.024526313539108102e+01,-2.543306400060085437e+01
2.034002257675970782e+01,-2.485253399182531808e+01,1.936623959261439154e+01,-2.462505498226830980e+01,2.034002257675970782e+01,-2.485253399182531808e+01
2.052193588033613381e+01,-2.426451599137082127e+01,1.957690635770103071e+01,-2.393753097436229638e+01,2.052193588033613381e+01,-2.426451599137082127e+01
2.075182116533562748e+01,-2.366809389203254810e+01,1.982698602749631078e+01,-2.328772569170852691e+01,2.075182116533562748e+01,-2.366809389203254810e+01
2.101074438532549848e+01,-2.307685366031608254e+01,2.010376671538923787e+01,-2.265567494974658302e+01,2.101074438532549848e+01,-2.307685366031608254e+01
2.129564182730579347e+01,-2.249707246078654777e+01,2.040782087152325630e+01,-2.203688342302773151e+01,2.129564182730579347e+01,-2.249707246078654777e+01
2.160528280839813320e+01,-2.192986010962127352e+01,2.073806929504230467e+01,-2.143192364554875695e+01,2.160528280839813320e+01,-2.192986010962127352e+01
2.193889779271015428e+01,-2.137674354700816437e+01,2.109420103552571035e+01,-2.084149838037694380e+01,2.193889779271015428e+01,-2.137674354700816437e+01
2.229615035895465169e+01,-2.083950527935159869e+01,2.147644116749617993e+01,-2.026672535526338947e+01,2.229615035895465169e+01,-2.083950527935159869e+01
2.267703752027062691e+01,-2.032028745899004463e+01,2.188548240975230286e+01,-1.970918967056962856e+01,2.267703752027062691e+01,-2.032028745899004463e+01
2.308180703239656140e+01,-1.982170439089291136e+01,2.232244471487256732e+01,-1.917103637206565026e+01,2.308180703239656140e+01,-1.982170439089291136e+01
2.351087309410835857e+01,-1.934697170403513411e+01,2.278884330887663978e+01,-1.865510973135688744e+01,2.351087309410835857e+01,-1.934697170403513411e+01
2.396471121275242311e+01,-1.890005442527792567e+01,2.328654158289741716e+01,-1.816514902106434803e+01,2.396471121275242311e+01,-1.890005442527792567e+01
2.444371017657724110e+01,-1.848582693240946995e+01,2.381765265163556933e+01,-1.770605005697399648e+01,2.444371017657724110e+01,-1.848582693240946995e+01
2.494824609499091039e+01,-1.811002175391688240e+01,2.438403904400881927e+01,-1.728438841906290691e+01,2.494824609499091039e+01,-1.811002175391688240e+01
2.548478963045766577e+01,-1.777471227474264737e+01,2.497954272937591824e+01,-1.691173743794421114e+01,2.548478963045766577e+01,-1.777471227474264737e+01
2.604683148890746480e+01,-1.746738922417203810e+01,2.558915158255525313e+01,-1.657827218838797734e+01,2.604683148890746480e+01,-1.746738922417203810e+01
2.662252788644057588e+01,-1.717822182901159067e+01,2.621383007230485518e+01,-1.627631777229537136e+01,2.662444267353992799e+01,-1.718812767118162554e+01
2.712151734161837169e+01,-1.692758319387461441e+01,2.685587517562708371e+01,-1.600795487792115779e+01,2.721446105559134310e+01,-1.694145161958138601e+01
2.751431654863785070e+01,-1.673028324223879082e+01,2.751431654863785070e+01,-1.577688122779255053e+01,2.781601938065944779e+01,-1.673028324223879082e+01
2.838345462825182608e+01,-1.655736618269371263e+01,2.818750844623336249e+01,-1.558667496078361658e+01,2.842783853529148175e+01,-1.655736618269371263e+01
2.904822980751052341e+01,-1.642510763640212446e+01,2.887309022347390197e+01,-1.544056402329832878e+01,2.904822980751052341e+01,-1.642510763640212446e+01
2.967513427062957732e+01,-1.633541462334986250e+01,2.956802458109826404e+01,-1.534116741344253576e+01,2.967513427062957732e+01,-1.633541462334986250e+01
3.030620244484563131e+01,-1.628954855364813881e+01,3.026873070286751499e+01,-1.529025086599289018e+01,3.030620244484563131e+01,-1.628954855364813881e+01
3.093890914751400345e+01,-1.628802381560874579e+01,3.097130609339765073e+01,-1.528854873442992357e+01,3.093890914751400345e+01,-1.628802381560874579e+01
3.157068974420285201e+01,-1.633057023651812045e+01,3.167180357426605042e+01,-1.533569537334690303e+01,3.157068974420285201e+01,-1.633057023651812045e+01
3.220966594803127947e+01,-1.641784866019737876e+01,3.235592338390716094e+01,-1.542860209717528974e+01,3.220966594803127947e+01,-1.641784866019737876e+01
3.294798296569607743e+01,-1.652235988083366891e+01,3.301990378577745844e+01,-1.553450689785326233e+01,3.286451239600083341e+01,-1.652235988083366891e+01
3.352548844583348142e+01,-1.660410736788925945e+01,3.367871541200020857e+01,-1.563665972531138770e+01,3.352548844583348142e+01,-1.662485074775560179e+01
3.433860925002796449e+01,-1.671920904970998123e+01,3.433860925002796449e+01,-1.573898157250143370e+01,3.418538228386123734e+01,-1.672717259494564601e+01
3.499850308805444143e+01,-1.681262144873501896e+01,3.499850308805444143e+01,-1.584130341969127720e+01,3.484527612188771428e+01,-1.682949444213549128e+01
3.561230484502664240e+01,-1.689951716991794228e+01,3.565839692608219025e+01,-1.594362526688131787e+01,3.550516995991546310e+01,-1.693181628932553195e+01
3.616506379794299875e+01,-1.697777605890647123e+01,3.631829076410972590e+01,-1.604594711407132834e+01,3.616506379794299875e+01,-1.703413813651554065e+01
3.682495763597064098e+01,-1.707121279096183031e+01,3.697818460213736813e+01,-1.614826896126135125e+01,3.682495763597064098e+01,-1.713645998370556356e+01
3.748485147399783557e+01,-1.716465377386088420e+01,3.763807844016456272e+01,-1.625059080845130666e+01,3.748485147399783557e+01,-1.723878183089551897e+01
3.829797227819232575e+01,-1.727979102462441929e+01,3.829797227819232575e+01,-1.635291265564135088e+01,3.814474531202559859e+01,-1.734110367808556319e+01
3.895786611622001061e+01,-1.737325791470982139e+01,3.895786611622001061e+01,-1.645523450283138089e+01,3.880463915005328346e+01,-1.744342552527559320e+01
3.946453298807964671e+01,-1.744502929545333814e+01,3.961775995424637387e+01,-1.655755635002120840e+01,3.946453298807964671e+01,-1.754574737246542071e+01
4.027765379227408005e+01,-1.756023814940266803e+01,4.027765379227408005e+01,-1.665987819721124197e+01,4.012442682610735289e+01,-1.764806921965545428e+01
4.093754763030184307e+01,-1.765371512387008579e+01,4.093754763030184307e+01,-1.676220004440128619e+01,4.078432066413511592e+01,-1.775039106684549850e+01
4.159744146832952083e+01,-1.774719868377857068e+01,4.159744146832952083e+01,-1.686452189159131620e+01,4.144421450216279368e+01,-1.785271291403552851e+01
4.225733530635633173e+01,-1.784071165536487058e+01,4.225733530635633173e+01,-1.696684373878121121e+01,4.210410834018960458e+01,-1.795503476122542352e+01
4.276400217821726812e+01,-1.791251101439483406e+01,4.291722914438399528e+01,-1.706916558597124123e+01,4.276400217821726812e+01,-1.805735660841545354e+01
4.342389601624503115e+01,-1.800603195756646357e+01,4.357712298241175830e+01,-1.717148743316128190e+01,4.342389601624503115e+01,-1.815967845560549421e+01
4.408378985427272312e+01,-1.809956746437764252e+01,4.423701682043945027e+01,-1.727380928035131902e+01,4.408378985427272312e+01,-1.826200030279553133e+01
4.474368369230047193e+01,-1.819310686855568093e+01,4.489691065846718487e+01,-1.737613112754135614e+01,4.474368369230047193e+01,-1.836432214998556844e+01
4.555680449649486263e+01,-1.830837942725707279e+01,4.555680449649486263e+01,-1.747845297473138260e+01,4.540357753032813548e+01,-1.846664399717559490e+01
4.606347136835583456e+01,-1.838021280881213215e+01,4.621669833452256171e+01,-1.758077482192141971e+01,4.606347136835583456e+01,-1.856896584436563202e+01
4.672336520638355495e+01,-1.847379409365905190e+01,4.687659217255028210e+01,-1.768309666911145683e+01,4.672336520638355495e+01,-1.867128769155566914e+01
4.753648601057773959e+01,-1.858909274304704695e+01,4.753648601057773959e+01,-1.778541851630145132e+01,4.738325904441101244e+01,-1.877360953874566363e+01
4.819637984860533209e+01,-1.868267608769244958e+01,4.819637984860533209e+01,-1.788774036349146712e+01,4.804315288243860493e+01,-1.887593138593567943e+01
4.871974706353609008e+01,-1.875691525612544552e+01,4.885627368663296721e+01,-1.799006221068149358e+01,4.870304672046624006e+01,-1.897825323312570589e+01
4.951616752466046734e+01,-1.886987870508846044e+01,4.951616752466046734e+01,-1.809238405787149517e+01,4.936294055849374018e+01,-1.908057508031570748e+01
5.005118679231541989e+01,-1.894578477898485502e+01,5.017606136268798878e+01,-1.819470590506150032e+01,5.002283439652126162e+01,-1.918289692750571263e+01
5.068587467016487125e+01,-1.903583031288400207e+01,5.083595520071547469e+01,-1.829702775225149836e+01,5.068272823454874754e+01,-1.928521877469571066e+01
5.134262207257626898e+01,-1.912900447367767143e+01,5.149584903874299613e+01,-1.839934959944150705e+01,5.134262207257626898e+01,-1.938754062188571936e+01
5.207059072024831892e+01,-1.923230972870997135e+01,5.215574287677058862e+01,-1.850167144663152285e+01,5.200251591060386147e+01,-1.948986246907573516e+01
5.281563671479809585e+01,-1.933803513139982400e+01,5.281563671479809585e+01,-1.860399329382152800e+01,5.266240974863136870e+01,-1.959218431626574031e+01
5.332230358665884751e+01,-1.940992910831687723e+01,5.347553055282557466e+01,-1.870631514101152604e+01,5.332230358665884751e+01,-1.969450616345573835e+01
5.401491797641794079e+01,-1.950823290083981121e+01,5.413542439085234292e+01,-1.880863698820141749e+01,5.398219742468561577e+01,-1.979682801064562980e+01
5.464209126271271799e+01,-1.959726379589886491e+01,5.479531822887944514e+01,-1.891095883539135514e+01,5.464209126271271799e+01,-1.989914985783556745e+01
5.530198510073979179e+01,-1.969094356037744475e+01,5.545521206690651894e+01,-1.901328068258129278e+01,5.530198510073979179e+01,-2.000147170502550509e+01
5.610465851208877552e+01,-1.980489901672352104e+01,5.611510590493348616e+01,-1.911560252977121266e+01,5.596187893876675901e+01,-2.010379355221542497e+01
5.662177277679377596e+01,-1.987831935445206710e+01,5.677499974296050311e+01,-1.921792437696114320e+01,5.662177277679377596e+01,-2.020611539940535550e+01
5.743489358098749875e+01,-1.999376692688651858e+01,5.743489358098749875e+01,-1.932024622415106307e+01,5.728166661482077160e+01,-2.030843724659527538e+01
5.796629133077814089e+01,-2.006921956584768196e+01,5.809478741901470045e+01,-1.942256807134102203e+01,5.794156045284797329e+01,-2.041075909378523434e+01
5.860146651001279849e+01,-2.015941095300413366e+01,5.875468125704163214e+01,-1.952488991853093481e+01,5.860145429087490498e+01,-2.051308094097514712e+01
5.926134813097498721e+01,-2.025311715455685402e+01,5.941457509506857804e+01,-1.962721176572085113e+01,5.926134812890185088e+01,-2.061540278816506344e+01
5.997751434580020913e+01,-2.035481292990782620e+01,6.007446893309577263e+01,-1.972953361291080654e+01,5.992124196692904547e+01,-2.071772463535501885e+01
