time,x,y,u1,u2
0.0100,0.0000,0.0000,0.1000,0.1500
0.0200,0.0000,0.0000,0.1000,0.1500
0.0300,0.0001,0.0000,0.1000,0.1500
0.0400,0.0001,0.0000,0.1000,0.1500
0.0500,0.0002,0.0000,0.1000,0.1500
0.0600,0.0002,0.0000,0.1000,0.1500
0.0700,0.0003,0.0000,0.1000,0.1500
0.0800,0.0004,0.0000,0.1000,0.1500
0.0900,0.0005,0.0000,0.1000,0.1500
0.1000,0.0006,0.0000,0.1000,0.1500
0.1100,0.0008,0.0000,0.1000,0.1500
0.1200,0.0009,0.0000,0.1000,0.1500
0.1300,0.0011,0.0000,0.1000,0.1500
0.1400,0.0012,0.0000,0.1000,0.1500
0.1500,0.0014,0.0000,0.1000,0.1500
0.1600,0.0016,0.0000,0.1000,0.1500
0.1700,0.0018,0.0000,0.1000,0.1500
0.1800,0.0020,0.0000,0.1000,0.1500
0.1900,0.0023,0.0000,0.1000,0.1500
0.2000,0.0025,0.0000,0.1000,0.1500
0.2100,0.0028,0.0000,0.1000,0.1500
0.2200,0.0030,0.0000,0.1000,0.1500
0.2300,0.0033,0.0000,0.1000,0.1500
0.2400,0.0036,0.0000,0.1000,0.1500
0.2500,0.0039,0.0000,0.1000,0.1500
0.2600,0.0042,0.0000,0.1000,0.1500
0.2700,0.0046,0.0000,0.1000,0.1500
0.2800,0.0049,0.0000,0.1000,0.1500
0.2900,0.0053,0.0000,0.1000,0.1500
0.3000,0.0056,0.0000,0.1000,0.1500
0.3100,0.0060,0.0000,0.1000,0.1500
0.3200,0.0064,0.0000,0.1000,0.1500
0.3300,0.0068,0.0000,0.1000,0.1500
0.3400,0.0072,0.0001,0.1000,0.1500
0.3500,0.0077,0.0001,0.1000,0.1500
0.3600,0.0081,0.0001,0.1000,0.1500
0.3700,0.0086,0.0001,0.1000,0.1500
0.3800,0.0090,0.0001,0.1000,0.1500
0.3900,0.0095,0.0001,0.1000,0.1500
0.4000,0.0100,0.0001,0.1000,0.1500
0.4100,0.0105,0.0001,0.1000,0.1500
0.4200,0.0110,0.0001,0.1000,0.1500
0.4300,0.0116,0.0001,0.1000,0.1500
0.4400,0.0121,0.0001,0.1000,0.1500
0.4500,0.0127,0.0002,0.1000,0.1500
0.4600,0.0132,0.0002,0.1000,0.1500
0.4700,0.0138,0.0002,0.1000,0.1500
0.4800,0.0144,0.0002,0.1000,0.1500
0.4900,0.0150,0.0002,0.1000,0.1500
0.5000,0.0156,0.0002,0.1000,0.1500
0.5100,0.0163,0.0003,0.1000,0.1500
0.5200,0.0169,0.0003,0.1000,0.1500
0.5300,0.0176,0.0003,0.0999,0.1501
0.5400,0.0182,0.0003,0.0999,0.1501
0.5500,0.0189,0.0004,0.0999,0.1501
0.5600,0.0196,0.0004,0.0999,0.1501
0.5700,0.0203,0.0004,0.0999,0.1501
0.5800,0.0210,0.0004,0.0999,0.1501
0.5900,0.0217,0.0005,0.0999,0.1501
0.6000,0.0225,0.0005,0.0999,0.1501
0.6100,0.0232,0.0005,0.0999,0.1501
0.6200,0.0240,0.0006,0.0999,0.1501
0.6300,0.0248,0.0006,0.0999,0.1501
0.6400,0.0256,0.0007,0.0999,0.1501
0.6500,0.0264,0.0007,0.0999,0.1501
0.6600,0.0272,0.0007,0.0999,0.1501
0.6700,0.0280,0.0008,0.0999,0.1501
0.6800,0.0289,0.0008,0.0999,0.1501
0.6900,0.0297,0.0009,0.0999,0.1501
0.7000,0.0306,0.0009,0.0999,0.1501
0.7100,0.0315,0.0010,0.0999,0.1501
0.7200,0.0324,0.0011,0.0999,0.1501
0.7300,0.0333,0.0011,0.0999,0.1501
0.7400,0.0342,0.0012,0.0999,0.1501
0.7500,0.0351,0.0012,0.0999,0.1501
0.7600,0.0361,0.0013,0.0999,0.1501
0.7700,0.0370,0.0014,0.0999,0.1501
0.7800,0.0380,0.0014,0.0999,0.1501
0.7900,0.0390,0.0015,0.0999,0.1501
0.8000,0.0400,0.0016,0.0999,0.1501
0.8100,0.0410,0.0017,0.0999,0.1501
0.8200,0.0420,0.0018,0.0999,0.1501
0.8300,0.0430,0.0019,0.0999,0.1501
0.8400,0.0440,0.0019,0.0999,0.1501
0.8500,0.0451,0.0020,0.0999,0.1501
0.8600,0.0462,0.0021,0.0999,0.1501
0.8700,0.0472,0.0022,0.0999,0.1501
0.8800,0.0483,0.0023,0.0999,0.1501
0.8900,0.0494,0.0025,0.0999,0.1501
0.9000,0.0505,0.0026,0.0999,0.1501
0.9100,0.0517,0.0027,0.0999,0.1501
0.9200,0.0528,0.0028,0.0999,0.1501
0.9300,0.0540,0.0029,0.0999,0.1501
0.9400,0.0551,0.0030,0.0999,0.1501
0.9500,0.0563,0.0032,0.0999,0.1501
0.9600,0.0575,0.0033,0.0999,0.1501
0.9700,0.0587,0.0035,0.0999,0.1501
0.9800,0.0599,0.0036,0.0999,0.1501
0.9900,0.0611,0.0038,0.0999,0.1501
1.0000,0.0623,0.0039,0.0999,0.1501
1.0100,0.0636,0.0041,0.0999,0.1501
1.0200,0.0648,0.0042,0.0999,0.1501
1.0300,0.0661,0.0044,0.0999,0.1501
1.0400,0.0674,0.0046,0.0999,0.1501
1.0500,0.0687,0.0047,0.0999,0.1501
1.0600,0.0700,0.0049,0.0999,0.1501
1.0700,0.0713,0.0051,0.0999,0.1501
1.0800,0.0726,0.0053,0.0999,0.1501
1.0900,0.0740,0.0055,0.0999,0.1501
1.1000,0.0753,0.0057,0.0999,0.1501
1.1100,0.0767,0.0059,0.0999,0.1501
1.1200,0.0781,0.0061,0.0999,0.1501
1.1300,0.0795,0.0064,0.0999,0.1501
1.1400,0.0809,0.0066,0.0999,0.1501
1.1500,0.0823,0.0068,0.0999,0.1501
1.1600,0.0837,0.0071,0.0999,0.1501
1.1700,0.0851,0.0073,0.0999,0.1501
1.1800,0.0866,0.0076,0.0999,0.1501
1.1900,0.0880,0.0078,0.0999,0.1501
1.2000,0.0895,0.0081,0.0999,0.1501
1.2100,0.0910,0.0084,0.0999,0.1501
1.2200,0.0925,0.0086,0.0999,0.1501
1.2300,0.0940,0.0089,0.0999,0.1501
1.2400,0.0955,0.0092,0.0999,0.1501
1.2500,0.0970,0.0095,0.0999,0.1501
1.2600,0.0986,0.0098,0.0999,0.1501
1.2700,0.1001,0.0101,0.0999,0.1501
1.2800,0.1017,0.0105,0.0999,0.1501
1.2900,0.1033,0.0108,0.0999,0.1501
1.3000,0.1048,0.0111,0.0999,0.1501
1.3100,0.1064,0.0115,0.0999,0.1501
1.3200,0.1080,0.0118,0.0999,0.1501
1.3300,0.1097,0.0122,0.0999,0.1501
1.3400,0.1113,0.0126,0.0999,0.1501
1.3500,0.1129,0.0129,0.0999,0.1501
1.3600,0.1146,0.0133,0.0999,0.1501
1.3700,0.1162,0.0137,0.0999,0.1501
1.3800,0.1179,0.0141,0.0999,0.1501
1.3900,0.1196,0.0145,0.0999,0.1501
1.4000,0.1213,0.0150,0.0999,0.1501
1.4100,0.1230,0.0154,0.0999,0.1501
1.4200,0.1247,0.0158,0.0999,0.1501
1.4300,0.1264,0.0163,0.0999,0.1501
1.4400,0.1281,0.0167,0.0999,0.1501
1.4500,0.1299,0.0172,0.0999,0.1501
1.4600,0.1316,0.0177,0.0999,0.1501
1.4700,0.1334,0.0182,0.0999,0.1501
1.4800,0.1352,0.0187,0.0999,0.1501
1.4900,0.1370,0.0192,0.0999,0.1501
1.5000,0.1388,0.0197,0.0999,0.1501
1.5100,0.1406,0.0202,0.0999,0.1501
1.5200,0.1424,0.0207,0.0999,0.1501
1.5300,0.1442,0.0213,0.0999,0.1501
1.5400,0.1461,0.0218,0.0999,0.1501
1.5500,0.1479,0.0224,0.0999,0.1501
1.5600,0.1498,0.0230,0.0999,0.1501
1.5700,0.1516,0.0236,0.0999,0.1501
1.5800,0.1535,0.0242,0.0999,0.1501
1.5900,0.1554,0.0248,0.0999,0.1501
1.6000,0.1573,0.0254,0.0999,0.1501
1.6100,0.1592,0.0261,0.0999,0.1501
1.6200,0.1611,0.0267,0.0999,0.1501
1.6300,0.1630,0.0274,0.0999,0.1501
1.6400,0.1649,0.0280,0.0999,0.1501
1.6500,0.1669,0.0287,0.0999,0.1501
1.6600,0.1688,0.0294,0.0999,0.1501
1.6700,0.1708,0.0301,0.0999,0.1501
1.6800,0.1728,0.0308,0.0999,0.1501
1.6900,0.1747,0.0316,0.0999,0.1501
1.7000,0.1767,0.0323,0.0999,0.1501
1.7100,0.1787,0.0331,0.0999,0.1501
1.7200,0.1807,0.0339,0.0999,0.1501
1.7300,0.1827,0.0346,0.0998,0.1502
1.7400,0.1847,0.0354,0.0998,0.1502
1.7500,0.1867,0.0363,0.0998,0.1502
1.7600,0.1888,0.0371,0.0998,0.1502
1.7700,0.1908,0.0379,0.0998,0.1502
1.7800,0.1929,0.0388,0.0998,0.1502
1.7900,0.1949,0.0396,0.0998,0.1502
1.8000,0.1970,0.0405,0.0998,0.1502
1.8100,0.1991,0.0414,0.0998,0.1502
1.8200,0.2011,0.0423,0.0998,0.1502
1.8300,0.2032,0.0433,0.0998,0.1502
1.8400,0.2053,0.0442,0.0998,0.1502
1.8500,0.2074,0.0451,0.0998,0.1502
1.8600,0.2095,0.0461,0.0998,0.1502
1.8700,0.2116,0.0471,0.0998,0.1502
1.8800,0.2138,0.0481,0.0998,0.1502
1.8900,0.2159,0.0491,0.0998,0.1502
1.9000,0.2180,0.0501,0.0998,0.1502
1.9100,0.2202,0.0512,0.0998,0.1502
1.9200,0.2223,0.0522,0.0998,0.1502
1.9300,0.2245,0.0533,0.0998,0.1502
1.9400,0.2266,0.0544,0.0998,0.1502
1.9500,0.2288,0.0555,0.0998,0.1502
1.9600,0.2309,0.0567,0.0998,0.1502
1.9700,0.2331,0.0578,0.0998,0.1502
1.9800,0.2353,0.0590,0.0998,0.1502
1.9900,0.2375,0.0601,0.0998,0.1502
2.0000,0.2397,0.0613,0.0998,0.1502
2.0100,0.2419,0.0625,0.0998,0.1502
2.0200,0.2441,0.0638,0.0998,0.1502
2.0300,0.2463,0.0650,0.0998,0.1502
2.0400,0.2485,0.0663,0.0998,0.1502
2.0500,0.2507,0.0675,0.0998,0.1502
2.0600,0.2529,0.0688,0.0998,0.1502
2.0700,0.2551,0.0702,0.0998,0.1502
2.0800,0.2574,0.0715,0.0998,0.1502
2.0900,0.2596,0.0728,0.0998,0.1502
2.1000,0.2618,0.0742,0.0998,0.1502
2.1100,0.2641,0.0756,0.0998,0.1502
2.1200,0.2663,0.0770,0.0998,0.1502
2.1300,0.2685,0.0784,0.0998,0.1502
2.1400,0.2708,0.0799,0.0998,0.1502
2.1500,0.2730,0.0813,0.0998,0.1502
2.1600,0.2753,0.0828,0.0998,0.1502
2.1700,0.2775,0.0843,0.0998,0.1502
2.1800,0.2798,0.0858,0.0998,0.1502
2.1900,0.2820,0.0874,0.0998,0.1502
2.2000,0.2843,0.0889,0.0998,0.1502
2.2100,0.2866,0.0905,0.0998,0.1502
2.2200,0.2888,0.0921,0.0998,0.1502
2.2300,0.2911,0.0937,0.0998,0.1502
2.2400,0.2933,0.0954,0.0998,0.1502
2.2500,0.2956,0.0970,0.0998,0.1502
2.2600,0.2979,0.0987,0.0998,0.1502
2.2700,0.3001,0.1004,0.0998,0.1502
2.2800,0.3024,0.1021,0.0998,0.1502
2.2900,0.3047,0.1038,0.0998,0.1502
2.3000,0.3069,0.1056,0.0998,0.1502
2.3100,0.3092,0.1074,0.0998,0.1502
2.3200,0.3115,0.1092,0.0998,0.1502
2.3300,0.3137,0.1110,0.0998,0.1502
2.3400,0.3160,0.1129,0.0998,0.1502
2.3500,0.3183,0.1147,0.0998,0.1502
2.3600,0.3205,0.1166,0.0998,0.1502
2.3700,0.3228,0.1185,0.0998,0.1502
2.3800,0.3250,0.1204,0.0998,0.1502
2.3900,0.3273,0.1224,0.0998,0.1502
2.4000,0.3295,0.1244,0.0998,0.1502
2.4100,0.3318,0.1264,0.0998,0.1502
2.4200,0.3340,0.1284,0.0998,0.1502
2.4300,0.3363,0.1304,0.0998,0.1502
2.4400,0.3385,0.1325,0.0998,0.1502
2.4500,0.3408,0.1346,0.0998,0.1502
2.4600,0.3430,0.1367,0.0998,0.1502
2.4700,0.3452,0.1388,0.0998,0.1502
2.4800,0.3475,0.1409,0.0998,0.1502
2.4900,0.3497,0.1431,0.0998,0.1502
2.5000,0.3519,0.1453,0.0998,0.1502
2.5100,0.3541,0.1475,0.0998,0.1502
2.5200,0.3563,0.1498,0.0998,0.1502
2.5300,0.3585,0.1520,0.0998,0.1502
2.5400,0.3607,0.1543,0.0998,0.1502
2.5500,0.3629,0.1566,0.0998,0.1502
2.5600,0.3651,0.1589,0.0998,0.1502
2.5700,0.3672,0.1613,0.0998,0.1502
2.5800,0.3694,0.1637,0.0998,0.1502
2.5900,0.3716,0.1661,0.0998,0.1502
2.6000,0.3737,0.1685,0.0998,0.1502
2.6100,0.3759,0.1710,0.0998,0.1502
2.6200,0.3780,0.1734,0.0998,0.1502
2.6300,0.3801,0.1759,0.0998,0.1502
2.6400,0.3823,0.1784,0.0998,0.1502
2.6500,0.3844,0.1810,0.0998,0.1502
2.6600,0.3865,0.1835,0.0998,0.1502
2.6700,0.3886,0.1861,0.0998,0.1502
2.6800,0.3907,0.1888,0.0998,0.1502
2.6900,0.3927,0.1914,0.0998,0.1502
2.7000,0.3948,0.1940,0.0998,0.1502
2.7100,0.3969,0.1967,0.0998,0.1502
2.7200,0.3989,0.1994,0.0998,0.1502
2.7300,0.4009,0.2022,0.0998,0.1502
2.7400,0.4030,0.2049,0.0998,0.1502
2.7500,0.4050,0.2077,0.0998,0.1502
2.7600,0.4070,0.2105,0.0998,0.1502
2.7700,0.4090,0.2133,0.0998,0.1502
2.7800,0.4109,0.2162,0.0998,0.1502
2.7900,0.4129,0.2191,0.0998,0.1502
2.8000,0.4148,0.2220,0.0998,0.1502
2.8100,0.4168,0.2249,0.0998,0.1502
2.8200,0.4187,0.2279,0.0998,0.1502
2.8300,0.4206,0.2308,0.0998,0.1502
2.8400,0.4225,0.2338,0.0998,0.1502
2.8500,0.4244,0.2368,0.0998,0.1502
2.8600,0.4262,0.2399,0.0998,0.1502
2.8700,0.4281,0.2430,0.0998,0.1502
2.8800,0.4299,0.2461,0.0998,0.1502
2.8900,0.4317,0.2492,0.0998,0.1502
2.9000,0.4335,0.2523,0.0998,0.1502
2.9100,0.4353,0.2555,0.0998,0.1502
2.9200,0.4370,0.2587,0.0998,0.1502
2.9300,0.4388,0.2619,0.0998,0.1502
2.9400,0.4405,0.2651,0.0998,0.1502
2.9500,0.4422,0.2684,0.0998,0.1502
2.9600,0.4439,0.2717,0.0998,0.1502
2.9700,0.4456,0.2750,0.0998,0.1502
2.9800,0.4472,0.2783,0.0998,0.1502
2.9900,0.4489,0.2817,0.0998,0.1502
3.0000,0.4505,0.2850,0.0998,0.1502
3.0100,0.4521,0.2884,0.0998,0.1502
3.0200,0.4537,0.2919,0.0998,0.1502
3.0300,0.4552,0.2953,0.0998,0.1502
3.0400,0.4567,0.2988,0.0998,0.1502
3.0500,0.4583,0.3023,0.0998,0.1502
3.0600,0.4597,0.3058,0.0998,0.1502
3.0700,0.4612,0.3093,0.0998,0.1502
3.0800,0.4626,0.3129,0.0998,0.1502
3.0900,0.4641,0.3165,0.0998,0.1502
3.1000,0.4655,0.3201,0.0998,0.1502
3.1100,0.4668,0.3237,0.0998,0.1502
3.1200,0.4682,0.3274,0.0998,0.1502
3.1300,0.4695,0.3310,0.0998,0.1502
3.1400,0.4708,0.3347,0.0998,0.1502
3.1500,0.4721,0.3385,0.0998,0.1502
3.1600,0.4733,0.3422,0.0998,0.1502
3.1700,0.4745,0.3460,0.0998,0.1502
3.1800,0.4757,0.3497,0.0998,0.1502
3.1900,0.4769,0.3536,0.0998,0.1502
3.2000,0.4781,0.3574,0.0998,0.1502
3.2100,0.4792,0.3612,0.0998,0.1502
3.2200,0.4803,0.3651,0.0998,0.1502
3.2300,0.4813,0.3690,0.0998,0.1502
3.2400,0.4823,0.3729,0.0998,0.1502
3.2500,0.4833,0.3768,0.0998,0.1502
3.2600,0.4843,0.3808,0.0998,0.1502
3.2700,0.4853,0.3847,0.0998,0.1502
3.2800,0.4862,0.3887,0.0998,0.1502
3.2900,0.4871,0.3928,0.0998,0.1502
3.3000,0.4879,0.3968,0.0998,0.1502
3.3100,0.4887,0.4008,0.0998,0.1502
3.3200,0.4895,0.4049,0.0998,0.1502
3.3300,0.4903,0.4090,0.0998,0.1502
3.3400,0.4910,0.4131,0.0998,0.1502
3.3500,0.4917,0.4172,0.0998,0.1502
3.3600,0.4924,0.4214,0.0998,0.1502
3.3700,0.4930,0.4255,0.0998,0.1502
3.3800,0.4936,0.4297,0.0998,0.1502
3.3900,0.4942,0.4339,0.0998,0.1502
3.4000,0.4947,0.4381,0.0998,0.1502
3.4100,0.4952,0.4423,0.0998,0.1502
3.4200,0.4956,0.4466,0.0998,0.1502
3.4300,0.4961,0.4508,0.0998,0.1502
3.4400,0.4964,0.4551,0.0998,0.1502
3.4500,0.4968,0.4594,0.0998,0.1502
3.4600,0.4971,0.4637,0.0998,0.1502
3.4700,0.4974,0.4680,0.0998,0.1502
3.4800,0.4976,0.4724,0.0998,0.1502
3.4900,0.4978,0.4767,0.0998,0.1502
3.5000,0.4980,0.4811,0.0998,0.1502
3.5100,0.4981,0.4855,0.0998,0.1502
3.5200,0.4982,0.4898,0.0998,0.1502
3.5300,0.4983,0.4943,0.0998,0.1502
3.5400,0.4983,0.4987,0.0998,0.1502
3.5500,0.4982,0.5031,0.0998,0.1502
3.5600,0.4982,0.5075,0.0998,0.1502
3.5700,0.4981,0.5120,0.0998,0.1502
3.5800,0.4979,0.5165,0.0998,0.1502
3.5900,0.4977,0.5209,0.0998,0.1502
3.6000,0.4975,0.5254,0.0998,0.1502
3.6100,0.4972,0.5299,0.0998,0.1502
3.6200,0.4969,0.5344,0.0998,0.1502
3.6300,0.4966,0.5390,0.0998,0.1502
3.6400,0.4962,0.5435,0.0998,0.1502
3.6500,0.4957,0.5480,0.0998,0.1502
3.6600,0.4952,0.5526,0.0998,0.1502
3.6700,0.4947,0.5571,0.0998,0.1502
3.6800,0.4941,0.5617,0.0998,0.1502
3.6900,0.4935,0.5662,0.0998,0.1502
3.7000,0.4929,0.5708,0.0998,0.1502
3.7100,0.4922,0.5754,0.0998,0.1502
3.7200,0.4914,0.5800,0.0998,0.1502
3.7300,0.4906,0.5846,0.0998,0.1502
3.7400,0.4898,0.5892,0.0998,0.1502
3.7500,0.4889,0.5937,0.0998,0.1502
3.7600,0.4880,0.5983,0.0998,0.1502
3.7700,0.4870,0.6030,0.0998,0.1502
3.7800,0.4860,0.6076,0.0998,0.1502
3.7900,0.4849,0.6122,0.0998,0.1502
3.8000,0.4838,0.6168,0.0998,0.1502
3.8100,0.4827,0.6214,0.0998,0.1502
3.8200,0.4815,0.6260,0.0998,0.1502
3.8300,0.4802,0.6306,0.0998,0.1502
3.8400,0.4789,0.6352,0.0998,0.1502
3.8500,0.4775,0.6398,0.0998,0.1502
3.8600,0.4761,0.6445,0.0998,0.1502
3.8700,0.4747,0.6491,0.0998,0.1502
3.8800,0.4732,0.6537,0.0998,0.1502
3.8900,0.4717,0.6583,0.0998,0.1502
3.9000,0.4701,0.6629,0.0999,0.1501
3.9100,0.4684,0.6675,0.0999,0.1501
3.9200,0.4667,0.6721,0.0999,0.1501
3.9300,0.4650,0.6767,0.0999,0.1501
3.9400,0.4632,0.6812,0.0999,0.1501
3.9500,0.4614,0.6858,0.0999,0.1501
3.9600,0.4595,0.6904,0.0999,0.1501
3.9700,0.4575,0.6949,0.0999,0.1501
3.9800,0.4555,0.6995,0.0999,0.1501
3.9900,0.4535,0.7040,0.0999,0.1501
4.0000,0.4514,0.7086,0.0999,0.1501
4.0100,0.4492,0.7131,0.0999,0.1501
4.0200,0.4470,0.7176,0.0999,0.1501
4.0300,0.4448,0.7221,0.0999,0.1501
4.0400,0.4425,0.7266,0.0999,0.1501
4.0500,0.4402,0.7311,0.0999,0.1501
4.0600,0.4378,0.7355,0.0999,0.1501
4.0700,0.4353,0.7400,0.0999,0.1501
4.0800,0.4328,0.7444,0.0999,0.1501
4.0900,0.4302,0.7488,0.0999,0.1501
4.1000,0.4276,0.7532,0.0999,0.1501
4.1100,0.4250,0.7576,0.0999,0.1501
4.1200,0.4223,0.7620,0.0999,0.1501
4.1300,0.4195,0.7664,0.0999,0.1501
4.1400,0.4167,0.7707,0.0999,0.1501
4.1500,0.4138,0.7750,0.0999,0.1501
4.1600,0.4109,0.7793,0.0999,0.1501
4.1700,0.4079,0.7836,0.0999,0.1501
4.1800,0.4049,0.7878,0.0999,0.1501
4.1900,0.4018,0.7921,0.0999,0.1501
4.2000,0.3987,0.7963,0.0999,0.1501
4.2100,0.3955,0.8005,0.0999,0.1501
4.2200,0.3923,0.8046,0.0999,0.1501
4.2300,0.3890,0.8088,0.0999,0.1501
4.2400,0.3857,0.8129,0.0999,0.1501
4.2500,0.3823,0.8170,0.0999,0.1501
4.2600,0.3789,0.8210,0.0999,0.1501
4.2700,0.3754,0.8251,0.0999,0.1501
4.2800,0.3718,0.8291,0.0999,0.1501
4.2900,0.3683,0.8330,0.0999,0.1501
4.3000,0.3646,0.8370,0.0999,0.1501
4.3100,0.3609,0.8409,0.0999,0.1501
4.3200,0.3572,0.8448,0.0999,0.1501
4.3300,0.3534,0.8486,0.0999,0.1501
4.3400,0.3495,0.8525,0.0999,0.1501
4.3500,0.3457,0.8562,0.0999,0.1501
4.3600,0.3417,0.8600,0.0999,0.1501
4.3700,0.3377,0.8637,0.0999,0.1501
4.3800,0.3337,0.8674,0.0999,0.1501
4.3900,0.3296,0.8710,0.0999,0.1501
4.4000,0.3254,0.8746,0.0999,0.1501
4.4100,0.3212,0.8782,0.0999,0.1501
4.4200,0.3170,0.8817,0.0999,0.1501
4.4300,0.3127,0.8852,0.0999,0.1501
4.4400,0.3084,0.8887,0.0999,0.1501
4.4500,0.3040,0.8921,0.0999,0.1501
4.4600,0.2995,0.8955,0.0999,0.1501
4.4700,0.2951,0.8988,0.0999,0.1501
4.4800,0.2905,0.9021,0.0999,0.1501
4.4900,0.2860,0.9053,0.0999,0.1501
4.5000,0.2813,0.9085,0.0999,0.1501
4.5100,0.2767,0.9117,0.0999,0.1501
4.5200,0.2720,0.9148,0.0999,0.1501
4.5300,0.2672,0.9178,0.0999,0.1501
4.5400,0.2624,0.9208,0.0999,0.1501
4.5500,0.2575,0.9238,0.0999,0.1501
4.5600,0.2526,0.9267,0.0999,0.1501
4.5700,0.2477,0.9296,0.0999,0.1501
4.5800,0.2427,0.9324,0.0999,0.1501
4.5900,0.2377,0.9351,0.0999,0.1501
4.6000,0.2326,0.9378,0.0999,0.1501
4.6100,0.2275,0.9405,0.0999,0.1501
4.6200,0.2224,0.9431,0.0999,0.1501
4.6300,0.2172,0.9456,0.0999,0.1501
4.6400,0.2120,0.9481,0.1000,0.1500
4.6500,0.2067,0.9505,0.1000,0.1500
4.6600,0.2014,0.9529,0.1000,0.1500
4.6700,0.1960,0.9552,0.1000,0.1500
4.6800,0.1906,0.9575,0.1000,0.1500
4.6900,0.1852,0.9597,0.1000,0.1500
4.7000,0.1797,0.9618,0.1000,0.1500
4.7100,0.1742,0.9639,0.1000,0.1500
4.7200,0.1687,0.9659,0.1000,0.1500
4.7300,0.1631,0.9679,0.1000,0.1500
4.7400,0.1575,0.9698,0.1000,0.1500
4.7500,0.1519,0.9716,0.1000,0.1500
4.7600,0.1462,0.9734,0.1000,0.1500
4.7700,0.1405,0.9751,0.1000,0.1500
4.7800,0.1348,0.9768,0.1000,0.1500
4.7900,0.1290,0.9783,0.1000,0.1500
4.8000,0.1232,0.9798,0.1000,0.1500
4.8100,0.1174,0.9813,0.1000,0.1500
4.8200,0.1115,0.9827,0.1000,0.1500
4.8300,0.1056,0.9840,0.1000,0.1500
4.8400,0.0997,0.9852,0.1000,0.1500
4.8500,0.0938,0.9864,0.1000,0.1500
4.8600,0.0878,0.9875,0.1000,0.1500
4.8700,0.0818,0.9885,0.1000,0.1500
4.8800,0.0758,0.9894,0.1000,0.1500
4.8900,0.0697,0.9903,0.1000,0.1500
4.9000,0.0637,0.9911,0.1000,0.1500
4.9100,0.0576,0.9919,0.1000,0.1500
4.9200,0.0515,0.9925,0.1000,0.1500
4.9300,0.0453,0.9931,0.1000,0.1500
4.9400,0.0392,0.9936,0.1000,0.1500
4.9500,0.0330,0.9941,0.1000,0.1500
4.9600,0.0269,0.9944,0.1000,0.1500
4.9700,0.0207,0.9947,0.1000,0.1500
4.9800,0.0144,0.9949,0.1000,0.1500
4.9900,0.0082,0.9951,0.1000,0.1500
5.0000,0.0020,0.9951,0.1000,0.1500
5.0100,-0.0043,0.9951,0.1000,0.1500
5.0200,-0.0106,0.9950,0.1000,0.1500
5.0300,-0.0168,0.9948,0.1000,0.1500
5.0400,-0.0231,0.9945,0.1000,0.1500
5.0500,-0.0294,0.9942,0.1000,0.1500
5.0600,-0.0357,0.9938,0.1000,0.1500
5.0700,-0.0420,0.9933,0.1000,0.1500
5.0800,-0.0484,0.9927,0.1000,0.1500
5.0900,-0.0547,0.9920,0.1000,0.1500
5.1000,-0.0610,0.9913,0.1001,0.1499
5.1100,-0.0673,0.9904,0.1001,0.1499
5.1200,-0.0737,0.9895,0.1001,0.1499
5.1300,-0.0800,0.9885,0.1001,0.1499
5.1400,-0.0863,0.9874,0.1001,0.1499
5.1500,-0.0926,0.9863,0.1001,0.1499
5.1600,-0.0990,0.9850,0.1001,0.1499
5.1700,-0.1053,0.9837,0.1001,0.1499
5.1800,-0.1116,0.9822,0.1001,0.1499
5.1900,-0.1179,0.9807,0.1001,0.1499
5.2000,-0.1242,0.9791,0.1001,0.1499
5.2100,-0.1305,0.9775,0.1001,0.1499
5.2200,-0.1367,0.9757,0.1001,0.1499
5.2300,-0.1430,0.9739,0.1001,0.1499
5.2400,-0.1493,0.9719,0.1001,0.1499
5.2500,-0.1555,0.9699,0.1001,0.1499
5.2600,-0.1617,0.9678,0.1001,0.1499
5.2700,-0.1679,0.9656,0.1001,0.1499
5.2800,-0.1741,0.9633,0.1001,0.1499
5.2900,-0.1803,0.9610,0.1001,0.1499
5.3000,-0.1864,0.9585,0.1001,0.1499
5.3100,-0.1926,0.9560,0.1001,0.1499
5.3200,-0.1987,0.9534,0.1001,0.1499
5.3300,-0.2047,0.9507,0.1001,0.1499
5.3400,-0.2108,0.9479,0.1001,0.1499
5.3500,-0.2168,0.9450,0.1001,0.1499
5.3600,-0.2228,0.9420,0.1001,0.1499
5.3700,-0.2288,0.9390,0.1001,0.1499
5.3800,-0.2347,0.9358,0.1001,0.1499
5.3900,-0.2406,0.9326,0.1001,0.1499
5.4000,-0.2465,0.9293,0.1001,0.1499
5.4100,-0.2524,0.9259,0.1001,0.1499
5.4200,-0.2582,0.9224,0.1001,0.1499
5.4300,-0.2639,0.9188,0.1001,0.1499
5.4400,-0.2697,0.9152,0.1001,0.1499
5.4500,-0.2753,0.9114,0.1001,0.1499
5.4600,-0.2810,0.9076,0.1001,0.1499
5.4700,-0.2866,0.9037,0.1002,0.1498
5.4800,-0.2922,0.8997,0.1002,0.1498
5.4900,-0.2977,0.8956,0.1002,0.1498
5.5000,-0.3031,0.8915,0.1002,0.1498
5.5100,-0.3086,0.8872,0.1002,0.1498
5.5200,-0.3139,0.8829,0.1002,0.1498
5.5300,-0.3192,0.8785,0.1002,0.1498
5.5400,-0.3245,0.8740,0.1002,0.1498
5.5500,-0.3297,0.8695,0.1002,0.1498
5.5600,-0.3349,0.8648,0.1002,0.1498
5.5700,-0.3400,0.8601,0.1002,0.1498
5.5800,-0.3450,0.8553,0.1002,0.1498
5.5900,-0.3500,0.8504,0.1002,0.1498
5.6000,-0.3549,0.8454,0.1002,0.1498
5.6100,-0.3598,0.8404,0.1002,0.1498
5.6200,-0.3646,0.8353,0.1002,0.1498
5.6300,-0.3694,0.8301,0.1002,0.1498
5.6400,-0.3740,0.8248,0.1002,0.1498
5.6500,-0.3786,0.8195,0.1002,0.1498
5.6600,-0.3832,0.8140,0.1002,0.1498
5.6700,-0.3876,0.8085,0.1002,0.1498
5.6800,-0.3920,0.8030,0.1001,0.1499
5.6900,-0.3964,0.7973,0.1001,0.1499
5.7000,-0.4006,0.7916,0.1001,0.1499
5.7100,-0.4048,0.7858,0.1001,0.1499
5.7200,-0.4089,0.7800,0.1001,0.1499
5.7300,-0.4129,0.7741,0.1001,0.1499
5.7400,-0.4168,0.7681,0.1001,0.1499
5.7500,-0.4207,0.7620,0.1001,0.1499
5.7600,-0.4245,0.7559,0.1001,0.1499
5.7700,-0.4282,0.7497,0.1001,0.1499
5.7800,-0.4318,0.7435,0.1001,0.1499
5.7900,-0.4353,0.7372,0.1001,0.1499
5.8000,-0.4388,0.7308,0.1001,0.1499
5.8100,-0.4421,0.7244,0.1001,0.1499
5.8200,-0.4454,0.7179,0.1001,0.1499
5.8300,-0.4486,0.7113,0.1001,0.1499
5.8400,-0.4517,0.7047,0.1001,0.1499
5.8500,-0.4547,0.6981,0.1001,0.1499
5.8600,-0.4576,0.6913,0.1001,0.1499
5.8700,-0.4604,0.6846,0.1001,0.1499
5.8800,-0.4631,0.6778,0.1001,0.1499
5.8900,-0.4657,0.6709,0.1001,0.1499
5.9000,-0.4682,0.6640,0.1001,0.1499
5.9100,-0.4707,0.6570,0.1001,0.1499
5.9200,-0.4730,0.6500,0.1001,0.1499
5.9300,-0.4752,0.6429,0.1001,0.1499
5.9400,-0.4773,0.6358,0.1001,0.1499
5.9500,-0.4793,0.6286,0.1001,0.1499
5.9600,-0.4813,0.6214,0.1001,0.1499
5.9700,-0.4831,0.6142,0.1001,0.1499
5.9800,-0.4848,0.6069,0.1001,0.1499
5.9900,-0.4864,0.5996,0.1001,0.1499
6.0000,-0.4879,0.5923,0.1001,0.1499
6.0100,-0.4892,0.5849,0.1001,0.1499
6.0200,-0.4905,0.5775,0.1001,0.1499
6.0300,-0.4917,0.5701,0.1001,0.1499
6.0400,-0.4927,0.5626,0.1001,0.1499
6.0500,-0.4937,0.5551,0.1000,0.1500
6.0600,-0.4945,0.5476,0.1000,0.1500
6.0700,-0.4952,0.5400,0.1000,0.1500
6.0800,-0.4958,0.5324,0.1000,0.1500
6.0900,-0.4963,0.5249,0.1000,0.1500
6.1000,-0.4966,0.5172,0.1000,0.1500
6.1100,-0.4969,0.5096,0.1000,0.1500
6.1200,-0.4970,0.5020,0.1000,0.1500
6.1300,-0.4971,0.4943,0.1000,0.1500
6.1400,-0.4970,0.4866,0.1000,0.1500
6.1500,-0.4967,0.4790,0.1000,0.1500
6.1600,-0.4964,0.4713,0.1000,0.1500
6.1700,-0.4959,0.4636,0.1000,0.1500
6.1800,-0.4954,0.4559,0.1000,0.1500
6.1900,-0.4947,0.4482,0.1000,0.1500
6.2000,-0.4939,0.4405,0.1000,0.1500
6.2100,-0.4929,0.4328,0.1000,0.1500
6.2200,-0.4919,0.4251,0.1000,0.1500
6.2300,-0.4907,0.4174,0.1000,0.1500
6.2400,-0.4894,0.4097,0.1000,0.1500
6.2500,-0.4879,0.4020,0.1000,0.1500
6.2600,-0.4864,0.3944,0.1000,0.1500
6.2700,-0.4847,0.3867,0.1000,0.1500
6.2800,-0.4829,0.3791,0.1000,0.1500
6.2900,-0.4810,0.3715,0.1000,0.1500
6.3000,-0.4790,0.3639,0.1000,0.1500
6.3100,-0.4768,0.3563,0.1000,0.1500
6.3200,-0.4745,0.3487,0.1000,0.1500
6.3300,-0.4721,0.3412,0.1000,0.1500
6.3400,-0.4696,0.3337,0.1000,0.1500
6.3500,-0.4669,0.3262,0.1000,0.1500
6.3600,-0.4641,0.3188,0.1000,0.1500
6.3700,-0.4612,0.3114,0.1000,0.1500
6.3800,-0.4582,0.3040,0.1000,0.1500
6.3900,-0.4551,0.2967,0.1000,0.1500
6.4000,-0.4518,0.2894,0.1000,0.1500
6.4100,-0.4484,0.2821,0.1000,0.1500
6.4200,-0.4449,0.2749,0.1000,0.1500
6.4300,-0.4412,0.2678,0.1000,0.1500
6.4400,-0.4375,0.2607,0.1000,0.1500
6.4500,-0.4336,0.2536,0.1000,0.1500
6.4600,-0.4296,0.2466,0.1000,0.1500
6.4700,-0.4255,0.2396,0.1000,0.1500
6.4800,-0.4213,0.2327,0.1000,0.1500
6.4900,-0.4169,0.2259,0.1000,0.1500
6.5000,-0.4124,0.2191,0.1000,0.1500
6.5100,-0.4079,0.2124,0.0999,0.1501
6.5200,-0.4032,0.2058,0.0999,0.1501
6.5300,-0.3983,0.1992,0.0999,0.1501
6.5400,-0.3934,0.1927,0.0999,0.1501
6.5500,-0.3884,0.1862,0.0999,0.1501
6.5600,-0.3832,0.1799,0.0999,0.1501
6.5700,-0.3779,0.1736,0.0999,0.1501
6.5800,-0.3725,0.1674,0.0999,0.1501
6.5900,-0.3670,0.1612,0.0999,0.1501
6.6000,-0.3614,0.1552,0.0999,0.1501
6.6100,-0.3557,0.1492,0.0999,0.1501
6.6200,-0.3499,0.1433,0.0999,0.1501
6.6300,-0.3440,0.1376,0.0999,0.1501
6.6400,-0.3380,0.1319,0.0999,0.1501
6.6500,-0.3318,0.1263,0.0999,0.1501
6.6600,-0.3256,0.1208,0.0999,0.1501
6.6700,-0.3193,0.1153,0.0999,0.1501
6.6800,-0.3128,0.1100,0.0999,0.1501
6.6900,-0.3063,0.1048,0.0999,0.1501
6.7000,-0.2997,0.0997,0.0999,0.1501
6.7100,-0.2930,0.0947,0.0999,0.1501
6.7200,-0.2861,0.0898,0.0999,0.1501
6.7300,-0.2792,0.0850,0.0999,0.1501
6.7400,-0.2722,0.0803,0.0999,0.1501
6.7500,-0.2652,0.0758,0.0999,0.1501
6.7600,-0.2580,0.0713,0.0999,0.1501
6.7700,-0.2507,0.0670,0.0999,0.1501
6.7800,-0.2434,0.0627,0.0999,0.1501
6.7900,-0.2360,0.0586,0.0999,0.1501
6.8000,-0.2285,0.0547,0.0999,0.1501
6.8100,-0.2209,0.0508,0.0999,0.1501
6.8200,-0.2132,0.0471,0.0999,0.1501
6.8300,-0.2055,0.0435,0.0999,0.1501
6.8400,-0.1977,0.0400,0.0999,0.1501
6.8500,-0.1898,0.0366,0.0999,0.1501
6.8600,-0.1819,0.0334,0.0999,0.1501
6.8700,-0.1739,0.0303,0.0999,0.1501
6.8800,-0.1658,0.0274,0.0999,0.1501
6.8900,-0.1577,0.0246,0.0999,0.1501
6.9000,-0.1495,0.0219,0.0999,0.1501
6.9100,-0.1412,0.0193,0.0999,0.1501
6.9200,-0.1329,0.0169,0.0999,0.1501
6.9300,-0.1246,0.0147,0.0999,0.1501
6.9400,-0.1162,0.0126,0.0999,0.1501
6.9500,-0.1077,0.0106,0.0999,0.1501
6.9600,-0.0992,0.0088,0.0999,0.1501
6.9700,-0.0907,0.0071,0.0999,0.1501
6.9800,-0.0821,0.0055,0.0999,0.1501
6.9900,-0.0735,0.0041,0.0999,0.1501
7.0000,-0.0648,0.0029,0.0999,0.1501
7.0100,-0.0561,0.0018,0.0999,0.1501
7.0200,-0.0474,0.0009,0.0999,0.1501
7.0300,-0.0386,0.0001,0.0999,0.1501
7.0400,-0.0299,-0.0005,0.0999,0.1501
7.0500,-0.0211,-0.0010,0.0999,0.1501
7.0600,-0.0123,-0.0013,0.0999,0.1501
7.0700,-0.0034,-0.0015,0.0999,0.1501
7.0800,0.0054,-0.0015,0.0999,0.1501
7.0900,0.0143,-0.0013,0.0999,0.1501
7.1000,0.0231,-0.0010,0.0999,0.1501
7.1100,0.0320,-0.0006,0.0999,0.1501
7.1200,0.0409,0.0001,0.0999,0.1501
7.1300,0.0497,0.0008,0.0999,0.1501
7.1400,0.0586,0.0018,0.0999,0.1501
7.1500,0.0675,0.0029,0.0999,0.1501
7.1600,0.0763,0.0042,0.0999,0.1501
7.1700,0.0852,0.0056,0.0999,0.1501
7.1800,0.0940,0.0072,0.0999,0.1501
7.1900,0.1028,0.0089,0.0999,0.1501
7.2000,0.1116,0.0108,0.0999,0.1501
7.2100,0.1204,0.0129,0.0999,0.1501
7.2200,0.1291,0.0151,0.0999,0.1501
7.2300,0.1378,0.0175,0.0999,0.1501
7.2400,0.1465,0.0201,0.0999,0.1501
7.2500,0.1551,0.0228,0.0999,0.1501
7.2600,0.1637,0.0257,0.0999,0.1501
7.2700,0.1723,0.0287,0.0999,0.1501
7.2800,0.1808,0.0319,0.0999,0.1501
7.2900,0.1893,0.0352,0.0999,0.1501
7.3000,0.1977,0.0388,0.0999,0.1501
7.3100,0.2060,0.0424,0.0999,0.1501
7.3200,0.2143,0.0463,0.0998,0.1502
7.3300,0.2226,0.0502,0.0998,0.1502
7.3400,0.2308,0.0544,0.0998,0.1502
7.3500,0.2389,0.0587,0.0998,0.1502
7.3600,0.2469,0.0631,0.0998,0.1502
7.3700,0.2549,0.0678,0.0998,0.1502
7.3800,0.2628,0.0725,0.0998,0.1502
7.3900,0.2706,0.0774,0.0998,0.1502
7.4000,0.2783,0.0825,0.0998,0.1502
7.4100,0.2860,0.0877,0.0998,0.1502
7.4200,0.2935,0.0931,0.0998,0.1502
7.4300,0.3010,0.0986,0.0998,0.1502
7.4400,0.3084,0.1042,0.0998,0.1502
7.4500,0.3156,0.1100,0.0998,0.1502
7.4600,0.3228,0.1160,0.0998,0.1502
7.4700,0.3299,0.1221,0.0998,0.1502
7.4800,0.3369,0.1283,0.0998,0.1502
7.4900,0.3437,0.1346,0.0998,0.1502
7.5000,0.3505,0.1411,0.0998,0.1502
7.5100,0.3571,0.1478,0.0998,0.1502
7.5200,0.3636,0.1545,0.0998,0.1502
7.5300,0.3700,0.1614,0.0998,0.1502
7.5400,0.3763,0.1685,0.0998,0.1502
7.5500,0.3824,0.1756,0.0998,0.1502
7.5600,0.3885,0.1829,0.0998,0.1502
7.5700,0.3944,0.1903,0.0998,0.1502
7.5800,0.4001,0.1978,0.0998,0.1502
7.5900,0.4057,0.2054,0.0998,0.1502
7.6000,0.4112,0.2132,0.0998,0.1502
7.6100,0.4165,0.2211,0.0998,0.1502
7.6200,0.4217,0.2290,0.0998,0.1502
7.6300,0.4268,0.2371,0.0998,0.1502
7.6400,0.4317,0.2453,0.0998,0.1502
7.6500,0.4364,0.2536,0.0998,0.1502
7.6600,0.4410,0.2620,0.0998,0.1502
7.6700,0.4454,0.2705,0.0998,0.1502
7.6800,0.4497,0.2791,0.0998,0.1502
7.6900,0.4538,0.2878,0.0998,0.1502
7.7000,0.4578,0.2965,0.0998,0.1502
7.7100,0.4616,0.3054,0.0998,0.1502
7.7200,0.4652,0.3143,0.0998,0.1502
7.7300,0.4686,0.3234,0.0998,0.1502
7.7400,0.4719,0.3325,0.0998,0.1502
7.7500,0.4750,0.3416,0.0998,0.1502
7.7600,0.4779,0.3509,0.0998,0.1502
7.7700,0.4807,0.3602,0.0998,0.1502
7.7800,0.4833,0.3695,0.0998,0.1502
7.7900,0.4857,0.3790,0.0998,0.1502
7.8000,0.4879,0.3885,0.0998,0.1502
7.8100,0.4899,0.3980,0.0998,0.1502
7.8200,0.4917,0.4076,0.0998,0.1502
7.8300,0.4934,0.4172,0.0998,0.1502
7.8400,0.4949,0.4269,0.0998,0.1502
7.8500,0.4962,0.4366,0.0998,0.1502
7.8600,0.4972,0.4464,0.0998,0.1502
7.8700,0.4981,0.4562,0.0998,0.1502
7.8800,0.4988,0.4660,0.0998,0.1502
7.8900,0.4994,0.4759,0.0998,0.1502
7.9000,0.4997,0.4857,0.0998,0.1502
7.9100,0.4998,0.4956,0.0998,0.1502
7.9200,0.4997,0.5055,0.0998,0.1502
7.9300,0.4995,0.5154,0.0998,0.1502
7.9400,0.4990,0.5253,0.0998,0.1502
7.9500,0.4983,0.5352,0.0998,0.1502
7.9600,0.4975,0.5451,0.0998,0.1502
7.9700,0.4964,0.5550,0.0998,0.1502
7.9800,0.4951,0.5649,0.0999,0.1501
7.9900,0.4937,0.5748,0.0999,0.1501
8.0000,0.4920,0.5846,0.0999,0.1501
8.0100,0.4901,0.5945,0.0999,0.1501
8.0200,0.4881,0.6043,0.0999,0.1501
8.0300,0.4858,0.6140,0.0999,0.1501
8.0400,0.4834,0.6238,0.0999,0.1501
8.0500,0.4807,0.6335,0.0999,0.1501
8.0600,0.4778,0.6431,0.0999,0.1501
8.0700,0.4748,0.6527,0.0999,0.1501
8.0800,0.4715,0.6623,0.0999,0.1501
8.0900,0.4681,0.6718,0.0999,0.1501
8.1000,0.4644,0.6812,0.0999,0.1501
8.1100,0.4606,0.6906,0.0999,0.1501
8.1200,0.4565,0.6999,0.0999,0.1501
8.1300,0.4523,0.7091,0.0999,0.1501
8.1400,0.4479,0.7183,0.0999,0.1501
8.1500,0.4433,0.7274,0.0999,0.1501
8.1600,0.4385,0.7364,0.0999,0.1501
8.1700,0.4335,0.7453,0.0999,0.1501
8.1800,0.4283,0.7541,0.0999,0.1501
8.1900,0.4229,0.7628,0.0999,0.1501
8.2000,0.4174,0.7714,0.0999,0.1501
8.2100,0.4116,0.7799,0.0999,0.1501
8.2200,0.4057,0.7883,0.0999,0.1501
8.2300,0.3996,0.7965,0.0999,0.1501
8.2400,0.3933,0.8047,0.0999,0.1501
8.2500,0.3869,0.8127,0.0999,0.1501
8.2600,0.3802,0.8206,0.0999,0.1501
8.2700,0.3734,0.8284,0.0999,0.1501
8.2800,0.3665,0.8361,0.0999,0.1501
8.2900,0.3594,0.8436,0.0999,0.1501
8.3000,0.3521,0.8510,0.0999,0.1501
8.3100,0.3446,0.8582,0.0999,0.1501
8.3200,0.3370,0.8653,0.0999,0.1501
8.3300,0.3292,0.8722,0.0999,0.1501
8.3400,0.3213,0.8790,0.0999,0.1501
8.3500,0.3132,0.8856,0.0999,0.1501
8.3600,0.3050,0.8920,0.0999,0.1501
8.3700,0.2967,0.8983,0.0999,0.1501
8.3800,0.2882,0.9044,0.0999,0.1501
8.3900,0.2795,0.9103,0.0999,0.1501
8.4000,0.2708,0.9161,0.0999,0.1501
8.4100,0.2619,0.9217,0.0999,0.1501
8.4200,0.2528,0.9271,0.0999,0.1501
8.4300,0.2437,0.9323,0.0999,0.1501
8.4400,0.2344,0.9373,0.0999,0.1501
8.4500,0.2250,0.9422,0.0999,0.1501
8.4600,0.2155,0.9468,0.0999,0.1501
8.4700,0.2059,0.9513,0.0999,0.1501
8.4800,0.1962,0.9555,0.0999,0.1501
8.4900,0.1864,0.9595,0.0999,0.1501
8.5000,0.1765,0.9634,0.0999,0.1501
8.5100,0.1665,0.9670,0.0999,0.1501
8.5200,0.1564,0.9704,0.0999,0.1501
8.5300,0.1463,0.9736,0.0999,0.1501
8.5400,0.1360,0.9766,0.0999,0.1501
8.5500,0.1257,0.9794,0.0999,0.1501
8.5600,0.1153,0.9819,0.0999,0.1501
8.5700,0.1049,0.9843,0.0999,0.1501
8.5800,0.0944,0.9864,0.0999,0.1501
8.5900,0.0838,0.9883,0.0999,0.1501
8.6000,0.0732,0.9899,0.0999,0.1501
8.6100,0.0625,0.9914,0.0999,0.1501
8.6200,0.0518,0.9926,0.0999,0.1501
8.6300,0.0411,0.9935,0.0999,0.1501
8.6400,0.0303,0.9943,0.0999,0.1501
8.6500,0.0195,0.9948,0.0999,0.1501
8.6600,0.0087,0.9950,0.1000,0.1500
8.6700,-0.0021,0.9951,0.1000,0.1500
8.6800,-0.0129,0.9949,0.1000,0.1500
8.6900,-0.0238,0.9945,0.1000,0.1500
8.7000,-0.0346,0.9938,0.1000,0.1500
8.7100,-0.0455,0.9929,0.1000,0.1500
8.7200,-0.0563,0.9917,0.1000,0.1500
8.7300,-0.0671,0.9903,0.1000,0.1500
8.7400,-0.0779,0.9887,0.1000,0.1500
8.7500,-0.0887,0.9869,0.1000,0.1500
8.7600,-0.0994,0.9848,0.1000,0.1500
8.7700,-0.1101,0.9824,0.1000,0.1500
8.7800,-0.1208,0.9798,0.1000,0.1500
8.7900,-0.1314,0.9770,0.1000,0.1500
8.8000,-0.1420,0.9740,0.1000,0.1500
8.8100,-0.1525,0.9707,0.1000,0.1500
8.8200,-0.1629,0.9672,0.1000,0.1500
8.8300,-0.1733,0.9634,0.1000,0.1500
8.8400,-0.1836,0.9594,0.1000,0.1500
8.8500,-0.1938,0.9552,0.1000,0.1500
8.8600,-0.2039,0.9507,0.1000,0.1500
8.8700,-0.2140,0.9461,0.1000,0.1500
8.8800,-0.2239,0.9412,0.1000,0.1500
8.8900,-0.2338,0.9360,0.1000,0.1500
8.9000,-0.2435,0.9307,0.1000,0.1500
8.9100,-0.2532,0.9251,0.1000,0.1500
8.9200,-0.2627,0.9193,0.1000,0.1500
8.9300,-0.2721,0.9132,0.1000,0.1500
8.9400,-0.2813,0.9070,0.1000,0.1500
8.9500,-0.2905,0.9006,0.1000,0.1500
8.9600,-0.2995,0.8939,0.1000,0.1500
8.9700,-0.3083,0.8870,0.1000,0.1500
8.9800,-0.3170,0.8800,0.1000,0.1500
8.9900,-0.3256,0.8727,0.1000,0.1500
9.0000,-0.3340,0.8652,0.1000,0.1500
9.0100,-0.3422,0.8575,0.1000,0.1500
9.0200,-0.3503,0.8497,0.1000,0.1500
9.0300,-0.3582,0.8416,0.1000,0.1500
9.0400,-0.3659,0.8334,0.1000,0.1500
9.0500,-0.3734,0.8249,0.1000,0.1500
9.0600,-0.3808,0.8163,0.1000,0.1500
9.0700,-0.3880,0.8076,0.1000,0.1500
9.0800,-0.3949,0.7986,0.1000,0.1500
9.0900,-0.4017,0.7895,0.1000,0.1500
9.1000,-0.4083,0.7802,0.1000,0.1500
9.1100,-0.4146,0.7708,0.1000,0.1500
9.1200,-0.4208,0.7612,0.1000,0.1500
9.1300,-0.4267,0.7515,0.1000,0.1500
9.1400,-0.4325,0.7416,0.1000,0.1500
9.1500,-0.4380,0.7316,0.1000,0.1500
9.1600,-0.4432,0.7214,0.1000,0.1500
9.1700,-0.4483,0.7111,0.1000,0.1500
9.1800,-0.4531,0.7007,0.1000,0.1500
9.1900,-0.4577,0.6902,0.1000,0.1500
9.2000,-0.4620,0.6795,0.1000,0.1500
9.2100,-0.4661,0.6688,0.1000,0.1500
9.2200,-0.4700,0.6579,0.1000,0.1500
9.2300,-0.4736,0.6470,0.1000,0.1500
9.2400,-0.4769,0.6359,0.1000,0.1500
9.2500,-0.4800,0.6248,0.1000,0.1500
9.2600,-0.4829,0.6136,0.1000,0.1500
9.2700,-0.4854,0.6023,0.1000,0.1500
9.2800,-0.4878,0.5909,0.1000,0.1500
9.2900,-0.4898,0.5795,0.1000,0.1500
9.3000,-0.4916,0.5680,0.1000,0.1500
9.3100,-0.4931,0.5565,0.1000,0.1500
9.3200,-0.4944,0.5449,0.1000,0.1500
9.3300,-0.4954,0.5333,0.1000,0.1500
9.3400,-0.4961,0.5217,0.1000,0.1500
9.3500,-0.4966,0.5100,0.1000,0.1500
9.3600,-0.4967,0.4983,0.1000,0.1500
9.3700,-0.4966,0.4866,0.0999,0.1501
9.3800,-0.4963,0.4749,0.0999,0.1501
9.3900,-0.4956,0.4632,0.0999,0.1501
9.4000,-0.4947,0.4515,0.0999,0.1501
9.4100,-0.4935,0.4398,0.0999,0.1501
9.4200,-0.4920,0.4281,0.0999,0.1501
9.4300,-0.4902,0.4165,0.0999,0.1501
9.4400,-0.4882,0.4048,0.0999,0.1501
9.4500,-0.4859,0.3933,0.0999,0.1501
9.4600,-0.4833,0.3817,0.0999,0.1501
9.4700,-0.4804,0.3703,0.0999,0.1501
9.4800,-0.4773,0.3588,0.0999,0.1501
9.4900,-0.4739,0.3475,0.0999,0.1501
9.5000,-0.4702,0.3362,0.0999,0.1501
9.5100,-0.4662,0.3250,0.0999,0.1501
9.5200,-0.4620,0.3139,0.0999,0.1501
9.5300,-0.4575,0.3029,0.0999,0.1501
9.5400,-0.4527,0.2919,0.0999,0.1501
9.5500,-0.4477,0.2811,0.0999,0.1501
9.5600,-0.4424,0.2704,0.0999,0.1501
9.5700,-0.4368,0.2598,0.0999,0.1501
9.5800,-0.4310,0.2494,0.0999,0.1501
9.5900,-0.4249,0.2390,0.0999,0.1501
9.6000,-0.4186,0.2289,0.0999,0.1501
9.6100,-0.4120,0.2188,0.0999,0.1501
9.6200,-0.4052,0.2089,0.0999,0.1501
9.6300,-0.3981,0.1992,0.0999,0.1501
9.6400,-0.3908,0.1896,0.0999,0.1501
9.6500,-0.3833,0.1802,0.0999,0.1501
9.6600,-0.3755,0.1710,0.0999,0.1501
9.6700,-0.3675,0.1619,0.0999,0.1501
9.6800,-0.3593,0.1531,0.0999,0.1501
9.6900,-0.3508,0.1444,0.0999,0.1501
9.7000,-0.3421,0.1359,0.0999,0.1501
9.7100,-0.3333,0.1277,0.0999,0.1501
9.7200,-0.3242,0.1196,0.0999,0.1501
9.7300,-0.3149,0.1118,0.0999,0.1501
9.7400,-0.3054,0.1042,0.0999,0.1501
9.7500,-0.2957,0.0968,0.0999,0.1501
9.7600,-0.2858,0.0896,0.0999,0.1501
9.7700,-0.2758,0.0827,0.0999,0.1501
9.7800,-0.2655,0.0760,0.0999,0.1501
9.7900,-0.2551,0.0696,0.0999,0.1501
9.8000,-0.2446,0.0634,0.0999,0.1501
9.8100,-0.2338,0.0575,0.0999,0.1501
9.8200,-0.2229,0.0519,0.0999,0.1501
9.8300,-0.2119,0.0465,0.0999,0.1501
9.8400,-0.2007,0.0413,0.0999,0.1501
9.8500,-0.1894,0.0365,0.0999,0.1501
9.8600,-0.1780,0.0319,0.0999,0.1501
9.8700,-0.1664,0.0276,0.0999,0.1501
9.8800,-0.1548,0.0236,0.0999,0.1501
9.8900,-0.1430,0.0198,0.0999,0.1501
9.9000,-0.1311,0.0164,0.0999,0.1501
9.9100,-0.1191,0.0132,0.0999,0.1501
9.9200,-0.1071,0.0104,0.0999,0.1501
9.9300,-0.0949,0.0078,0.0999,0.1501
9.9400,-0.0827,0.0056,0.0998,0.1502
9.9500,-0.0704,0.0036,0.0998,0.1502
9.9600,-0.0581,0.0020,0.0998,0.1502
9.9700,-0.0457,0.0006,0.0998,0.1502
9.9800,-0.0333,-0.0004,0.0998,0.1502
9.9900,-0.0208,-0.0011,0.0998,0.1502
10.0000,-0.0084,-0.0015,0.0998,0.1502
10.0100,0.0042,-0.0016,0.0998,0.1502
10.0200,0.0167,-0.0014,0.0998,0.1502
10.0300,0.0292,-0.0008,0.0998,0.1502
10.0400,0.0417,0.0000,0.0998,0.1502
10.0500,0.0542,0.0012,0.0998,0.1502
10.0600,0.0667,0.0027,0.0998,0.1502
10.0700,0.0791,0.0045,0.0998,0.1502
10.0800,0.0915,0.0066,0.0998,0.1502
10.0900,0.1039,0.0090,0.0998,0.1502
10.1000,0.1162,0.0117,0.0998,0.1502
10.1100,0.1285,0.0148,0.0998,0.1502
10.1200,0.1407,0.0182,0.0998,0.1502
10.1300,0.1528,0.0219,0.0998,0.1502
10.1400,0.1648,0.0259,0.0998,0.1502
10.1500,0.1767,0.0302,0.0998,0.1502
10.1600,0.1886,0.0348,0.0998,0.1502
10.1700,0.2003,0.0397,0.0998,0.1502
10.1800,0.2119,0.0449,0.0998,0.1502
10.1900,0.2233,0.0504,0.0998,0.1502
10.2000,0.2347,0.0562,0.0998,0.1502
10.2100,0.2459,0.0624,0.0998,0.1502
10.2200,0.2569,0.0688,0.0998,0.1502
10.2300,0.2678,0.0754,0.0998,0.1502
10.2400,0.2785,0.0824,0.0998,0.1502
10.2500,0.2891,0.0897,0.0998,0.1502
10.2600,0.2995,0.0972,0.0998,0.1502
10.2700,0.3097,0.1050,0.0998,0.1502
10.2800,0.3197,0.1131,0.0998,0.1502
10.2900,0.3294,0.1214,0.0998,0.1502
10.3000,0.3390,0.1300,0.0998,0.1502
10.3100,0.3484,0.1388,0.0998,0.1502
10.3200,0.3575,0.1479,0.0998,0.1502
10.3300,0.3664,0.1573,0.0998,0.1502
10.3400,0.3751,0.1668,0.0998,0.1502
10.3500,0.3836,0.1766,0.0998,0.1502
10.3600,0.3917,0.1867,0.0998,0.1502
10.3700,0.3997,0.1969,0.0998,0.1502
10.3800,0.4073,0.2074,0.0998,0.1502
10.3900,0.4147,0.2180,0.0998,0.1502
10.4000,0.4219,0.2289,0.0998,0.1502
10.4100,0.4287,0.2400,0.0998,0.1502
10.4200,0.4353,0.2512,0.0998,0.1502
10.4300,0.4415,0.2626,0.0998,0.1502
10.4400,0.4475,0.2742,0.0998,0.1502
10.4500,0.4532,0.2860,0.0998,0.1502
10.4600,0.4586,0.2979,0.0998,0.1502
10.4700,0.4636,0.3100,0.0998,0.1502
10.4800,0.4684,0.3222,0.0998,0.1502
10.4900,0.4728,0.3345,0.0998,0.1502
10.5000,0.4769,0.3470,0.0998,0.1502
10.5100,0.4807,0.3595,0.0998,0.1502
10.5200,0.4841,0.3722,0.0998,0.1502
10.5300,0.4872,0.3850,0.0998,0.1502
10.5400,0.4900,0.3979,0.0998,0.1502
10.5500,0.4925,0.4108,0.0998,0.1502
10.5600,0.4946,0.4238,0.0998,0.1502
10.5700,0.4963,0.4369,0.0998,0.1502
10.5800,0.4977,0.4501,0.0998,0.1502
10.5900,0.4988,0.4633,0.0998,0.1502
10.6000,0.4995,0.4765,0.0998,0.1502
10.6100,0.4999,0.4897,0.0998,0.1502
10.6200,0.4999,0.5030,0.0998,0.1502
10.6300,0.4995,0.5163,0.0998,0.1502
10.6400,0.4988,0.5296,0.0998,0.1502
10.6500,0.4978,0.5428,0.0998,0.1502
10.6600,0.4964,0.5561,0.0998,0.1502
10.6700,0.4946,0.5693,0.0998,0.1502
10.6800,0.4925,0.5824,0.0998,0.1502
10.6900,0.4900,0.5956,0.0998,0.1502
10.7000,0.4872,0.6086,0.0998,0.1502
10.7100,0.4840,0.6216,0.0998,0.1502
10.7200,0.4805,0.6346,0.0998,0.1502
10.7300,0.4766,0.6474,0.0998,0.1502
10.7400,0.4723,0.6601,0.0998,0.1502
10.7500,0.4678,0.6727,0.0998,0.1502
10.7600,0.4628,0.6853,0.0998,0.1502
10.7700,0.4576,0.6976,0.0998,0.1502
10.7800,0.4520,0.7099,0.0998,0.1502
10.7900,0.4461,0.7220,0.0998,0.1502
10.8000,0.4398,0.7339,0.0998,0.1502
10.8100,0.4332,0.7457,0.0998,0.1502
10.8200,0.4263,0.7573,0.0998,0.1502
10.8300,0.4190,0.7688,0.0998,0.1502
10.8400,0.4115,0.7800,0.0998,0.1502
10.8500,0.4036,0.7911,0.0998,0.1502
10.8600,0.3955,0.8019,0.0998,0.1502
10.8700,0.3870,0.8125,0.0998,0.1502
10.8800,0.3782,0.8229,0.0999,0.1501
10.8900,0.3692,0.8331,0.0999,0.1501
10.9000,0.3599,0.8430,0.0999,0.1501
10.9100,0.3502,0.8527,0.0999,0.1501
10.9200,0.3404,0.8621,0.0999,0.1501
10.9300,0.3302,0.8712,0.0999,0.1501
10.9400,0.3198,0.8801,0.0999,0.1501
10.9500,0.3092,0.8887,0.0999,0.1501
10.9600,0.2983,0.8970,0.0999,0.1501
10.9700,0.2872,0.9050,0.0999,0.1501
10.9800,0.2758,0.9127,0.0999,0.1501
10.9900,0.2642,0.9201,0.0999,0.1501
11.0000,0.2525,0.9272,0.0999,0.1501
11.0100,0.2405,0.9339,0.0999,0.1501
11.0200,0.2283,0.9404,0.0999,0.1501
11.0300,0.2160,0.9465,0.0999,0.1501
11.0400,0.2034,0.9522,0.0999,0.1501
11.0500,0.1907,0.9576,0.0999,0.1501
11.0600,0.1779,0.9627,0.0999,0.1501
11.0700,0.1649,0.9674,0.0999,0.1501
11.0800,0.1517,0.9718,0.0999,0.1501
11.0900,0.1384,0.9757,0.0999,0.1501
11.1000,0.1251,0.9794,0.0999,0.1501
11.1100,0.1116,0.9826,0.0999,0.1501
11.1200,0.0980,0.9855,0.0999,0.1501
11.1300,0.0843,0.9880,0.0999,0.1501
11.1400,0.0705,0.9901,0.0999,0.1501
11.1500,0.0567,0.9918,0.0999,0.1501
11.1600,0.0428,0.9932,0.0999,0.1501
11.1700,0.0289,0.9941,0.0999,0.1501
11.1800,0.0150,0.9947,0.0999,0.1501
11.1900,0.0010,0.9949,0.0999,0.1501
11.2000,-0.0130,0.9946,0.0999,0.1501
11.2100,-0.0270,0.9940,0.0999,0.1501
11.2200,-0.0410,0.9930,0.0999,0.1501
11.2300,-0.0550,0.9916,0.0999,0.1501
11.2400,-0.0689,0.9898,0.0999,0.1501
11.2500,-0.0828,0.9876,0.0999,0.1501
11.2600,-0.0966,0.9851,0.0999,0.1501
11.2700,-0.1104,0.9821,0.0999,0.1501
11.2800,-0.1240,0.9787,0.0999,0.1501
11.2900,-0.1376,0.9750,0.0999,0.1501
11.3000,-0.1511,0.9708,0.0999,0.1501
11.3100,-0.1645,0.9663,0.0999,0.1501
11.3200,-0.1778,0.9614,0.0999,0.1501
11.3300,-0.1909,0.9561,0.0999,0.1501
11.3400,-0.2039,0.9504,0.0999,0.1501
11.3500,-0.2167,0.9444,0.0999,0.1501
11.3600,-0.2294,0.9380,0.1000,0.1500
11.3700,-0.2419,0.9312,0.1000,0.1500
11.3800,-0.2542,0.9241,0.1000,0.1500
11.3900,-0.2663,0.9166,0.1000,0.1500
11.4000,-0.2782,0.9088,0.1000,0.1500
11.4100,-0.2899,0.9006,0.1000,0.1500
11.4200,-0.3013,0.8921,0.1000,0.1500
11.4300,-0.3125,0.8832,0.1000,0.1500
11.4400,-0.3235,0.8741,0.1000,0.1500
11.4500,-0.3342,0.8646,0.1000,0.1500
11.4600,-0.3446,0.8548,0.1000,0.1500
11.4700,-0.3548,0.8447,0.1000,0.1500
11.4800,-0.3646,0.8343,0.1000,0.1500
11.4900,-0.3742,0.8236,0.1000,0.1500
11.5000,-0.3835,0.8126,0.1000,0.1500
11.5100,-0.3924,0.8013,0.1000,0.1500
11.5200,-0.4011,0.7898,0.1000,0.1500
11.5300,-0.4094,0.7780,0.1000,0.1500
11.5400,-0.4174,0.7660,0.1000,0.1500
11.5500,-0.4250,0.7538,0.1000,0.1500
11.5600,-0.4323,0.7413,0.1000,0.1500
11.5700,-0.4392,0.7286,0.0999,0.1501
11.5800,-0.4457,0.7157,0.0999,0.1501
11.5900,-0.4519,0.7026,0.0999,0.1501
11.6000,-0.4577,0.6893,0.0999,0.1501
11.6100,-0.4631,0.6759,0.0999,0.1501
11.6200,-0.4681,0.6622,0.0999,0.1501
11.6300,-0.4728,0.6485,0.0999,0.1501
11.6400,-0.4770,0.6346,0.0999,0.1501
11.6500,-0.4808,0.6205,0.0999,0.1501
11.6600,-0.4842,0.6063,0.0999,0.1501
11.6700,-0.4872,0.5921,0.0999,0.1501
11.6800,-0.4898,0.5777,0.0999,0.1501
11.6900,-0.4920,0.5633,0.0999,0.1501
11.7000,-0.4937,0.5488,0.0999,0.1501
11.7100,-0.4950,0.5342,0.0999,0.1501
11.7200,-0.4959,0.5196,0.0999,0.1501
11.7300,-0.4964,0.5049,0.0999,0.1501
11.7400,-0.4964,0.4903,0.0999,0.1501
11.7500,-0.4960,0.4756,0.0999,0.1501
11.7600,-0.4952,0.4609,0.0999,0.1501
11.7700,-0.4939,0.4463,0.0999,0.1501
11.7800,-0.4922,0.4316,0.0999,0.1501
11.7900,-0.4901,0.4171,0.0999,0.1501
11.8000,-0.4875,0.4025,0.0999,0.1501
11.8100,-0.4845,0.3881,0.0999,0.1501
11.8200,-0.4811,0.3737,0.0999,0.1501
11.8300,-0.4772,0.3595,0.0999,0.1501
11.8400,-0.4729,0.3453,0.0999,0.1501
11.8500,-0.4682,0.3313,0.0999,0.1501
11.8600,-0.4631,0.3174,0.0999,0.1501
11.8700,-0.4575,0.3036,0.0999,0.1501
11.8800,-0.4516,0.2900,0.0999,0.1501
11.8900,-0.4452,0.2766,0.0999,0.1501
11.9000,-0.4384,0.2634,0.0999,0.1501
11.9100,-0.4313,0.2503,0.0999,0.1501
11.9200,-0.4237,0.2375,0.0999,0.1501
11.9300,-0.4158,0.2249,0.0999,0.1501
11.9400,-0.4075,0.2125,0.0999,0.1501
11.9500,-0.3988,0.2004,0.0999,0.1501
11.9600,-0.3897,0.1885,0.0999,0.1501
11.9700,-0.3803,0.1769,0.0999,0.1501
11.9800,-0.3705,0.1655,0.0999,0.1501
11.9900,-0.3604,0.1545,0.0999,0.1501
12.0000,-0.3499,0.1437,0.0999,0.1501
12.0100,-0.3391,0.1333,0.0999,0.1501
12.0200,-0.3280,0.1232,0.0998,0.1502
12.0300,-0.3166,0.1134,0.0998,0.1502
12.0400,-0.3049,0.1040,0.0998,0.1502
12.0500,-0.2929,0.0949,0.0998,0.1502
12.0600,-0.2806,0.0862,0.0998,0.1502
12.0700,-0.2680,0.0778,0.0998,0.1502
12.0800,-0.2552,0.0698,0.0998,0.1502
12.0900,-0.2422,0.0623,0.0998,0.1502
12.1000,-0.2289,0.0551,0.0998,0.1502
12.1100,-0.2154,0.0483,0.0998,0.1502
12.1200,-0.2016,0.0419,0.0998,0.1502
12.1300,-0.1877,0.0359,0.0998,0.1502
12.1400,-0.1736,0.0303,0.0998,0.1502
12.1500,-0.1593,0.0252,0.0998,0.1502
12.1600,-0.1448,0.0205,0.0998,0.1502
12.1700,-0.1302,0.0163,0.0998,0.1502
12.1800,-0.1155,0.0125,0.0998,0.1502
12.1900,-0.1007,0.0091,0.0998,0.1502
12.2000,-0.0857,0.0062,0.0998,0.1502
12.2100,-0.0706,0.0037,0.0998,0.1502
12.2200,-0.0555,0.0018,0.0998,0.1502
12.2300,-0.0403,0.0002,0.0998,0.1502
12.2400,-0.0250,-0.0008,0.0998,0.1502
12.2500,-0.0097,-0.0014,0.0998,0.1502
12.2600,0.0056,-0.0015,0.0998,0.1502
12.2700,0.0209,-0.0012,0.0998,0.1502
12.2800,0.0362,-0.0003,0.0998,0.1502
12.2900,0.0515,0.0010,0.0998,0.1502
12.3000,0.0668,0.0027,0.0998,0.1502
12.3100,0.0820,0.0050,0.0998,0.1502
12.3200,0.0972,0.0077,0.0998,0.1502
12.3300,0.1122,0.0109,0.0998,0.1502
12.3400,0.1272,0.0145,0.0998,0.1502
12.3500,0.1421,0.0186,0.0998,0.1502
12.3600,0.1568,0.0232,0.0998,0.1502
12.3700,0.1714,0.0283,0.0998,0.1502
12.3800,0.1859,0.0338,0.0998,0.1502
12.3900,0.2002,0.0397,0.0998,0.1502
12.4000,0.2143,0.0461,0.0998,0.1502
12.4100,0.2282,0.0529,0.0998,0.1502
12.4200,0.2419,0.0602,0.0998,0.1502
12.4300,0.2554,0.0679,0.0998,0.1502
12.4400,0.2687,0.0760,0.0998,0.1502
12.4500,0.2817,0.0846,0.0998,0.1502
12.4600,0.2944,0.0935,0.0998,0.1502
12.4700,0.3069,0.1029,0.0998,0.1502
12.4800,0.3191,0.1126,0.0998,0.1502
12.4900,0.3309,0.1227,0.0998,0.1502
12.5000,0.3425,0.1332,0.0998,0.1502
12.5100,0.3537,0.1441,0.0998,0.1502
12.5200,0.3646,0.1553,0.0998,0.1502
12.5300,0.3752,0.1669,0.0998,0.1502
12.5400,0.3853,0.1788,0.0998,0.1502
12.5500,0.3952,0.1911,0.0998,0.1502
12.5600,0.4046,0.2036,0.0998,0.1502
12.5700,0.4136,0.2164,0.0998,0.1502
12.5800,0.4223,0.2296,0.0998,0.1502
12.5900,0.4305,0.2430,0.0998,0.1502
12.6000,0.4383,0.2567,0.0998,0.1502
12.6100,0.4456,0.2706,0.0998,0.1502
12.6200,0.4526,0.2848,0.0998,0.1502
12.6300,0.4591,0.2991,0.0998,0.1502
12.6400,0.4651,0.3137,0.0998,0.1502
12.6500,0.4707,0.3285,0.0998,0.1502
12.6600,0.4758,0.3435,0.0998,0.1502
12.6700,0.4804,0.3586,0.0998,0.1502
12.6800,0.4845,0.3739,0.0998,0.1502
12.6900,0.4882,0.3894,0.0998,0.1502
12.7000,0.4914,0.4049,0.0998,0.1502
12.7100,0.4940,0.4206,0.0998,0.1502
12.7200,0.4962,0.4363,0.0998,0.1502
12.7300,0.4979,0.4521,0.0998,0.1502
12.7400,0.4990,0.4680,0.0998,0.1502
12.7500,0.4997,0.4839,0.0998,0.1502
12.7600,0.4999,0.4999,0.0998,0.1502
12.7700,0.4995,0.5158,0.0998,0.1502
12.7800,0.4986,0.5318,0.0998,0.1502
12.7900,0.4972,0.5477,0.0998,0.1502
12.8000,0.4953,0.5636,0.0998,0.1502
12.8100,0.4929,0.5794,0.0998,0.1502
12.8200,0.4900,0.5951,0.0998,0.1502
12.8300,0.4866,0.6108,0.0998,0.1502
12.8400,0.4827,0.6263,0.0998,0.1502
12.8500,0.4782,0.6418,0.0998,0.1502
12.8600,0.4733,0.6571,0.0998,0.1502
12.8700,0.4679,0.6722,0.0998,0.1502
12.8800,0.4620,0.6872,0.0998,0.1502
12.8900,0.4556,0.7019,0.0998,0.1502
12.9000,0.4487,0.7165,0.0998,0.1502
12.9100,0.4413,0.7309,0.0998,0.1502
12.9200,0.4335,0.7450,0.0998,0.1502
12.9300,0.4252,0.7589,0.0998,0.1502
12.9400,0.4165,0.7725,0.0998,0.1502
12.9500,0.4073,0.7858,0.0998,0.1502
12.9600,0.3977,0.7988,0.0998,0.1502
12.9700,0.3876,0.8115,0.0998,0.1502
12.9800,0.3772,0.8239,0.0998,0.1502
12.9900,0.3663,0.8360,0.0998,0.1502
13.0000,0.3550,0.8477,0.0998,0.1502
13.0100,0.3434,0.8590,0.0998,0.1502
13.0200,0.3314,0.8700,0.0998,0.1502
13.0300,0.3190,0.8806,0.0998,0.1502
13.0400,0.3063,0.8907,0.0998,0.1502
13.0500,0.2932,0.9005,0.0998,0.1502
13.0600,0.2798,0.9098,0.0998,0.1502
13.0700,0.2661,0.9187,0.0998,0.1502
13.0800,0.2521,0.9272,0.0998,0.1502
13.0900,0.2379,0.9352,0.0998,0.1502
13.1000,0.2233,0.9427,0.0998,0.1502
13.1100,0.2085,0.9497,0.0998,0.1502
13.1200,0.1935,0.9563,0.0998,0.1502
13.1300,0.1783,0.9623,0.0998,0.1502
13.1400,0.1628,0.9679,0.0999,0.1501
13.1500,0.1472,0.9730,0.0999,0.1501
13.1600,0.1314,0.9775,0.0999,0.1501
13.1700,0.1154,0.9815,0.0999,0.1501
13.1800,0.0993,0.9850,0.0999,0.1501
13.1900,0.0831,0.9880,0.0999,0.1501
13.2000,0.0668,0.9904,0.0999,0.1501
13.2100,0.0504,0.9923,0.0999,0.1501
13.2200,0.0339,0.9936,0.0999,0.1501
13.2300,0.0174,0.9944,0.0999,0.1501
13.2400,0.0009,0.9946,0.0999,0.1501
13.2500,-0.0157,0.9943,0.0999,0.1501
13.2600,-0.0322,0.9935,0.0999,0.1501
13.2700,-0.0487,0.9921,0.0999,0.1501
13.2800,-0.0652,0.9901,0.0999,0.1501
13.2900,-0.0816,0.9876,0.0999,0.1501
13.3000,-0.0980,0.9845,0.0999,0.1501
13.3100,-0.1142,0.9809,0.0999,0.1501
13.3200,-0.1303,0.9768,0.0999,0.1501
13.3300,-0.1463,0.9721,0.0999,0.1501
13.3400,-0.1621,0.9669,0.0999,0.1501
13.3500,-0.1778,0.9611,0.0999,0.1501
13.3600,-0.1933,0.9548,0.0999,0.1501
13.3700,-0.2085,0.9480,0.0999,0.1501
13.3800,-0.2235,0.9407,0.0999,0.1501
13.3900,-0.2383,0.9329,0.0999,0.1501
13.4000,-0.2529,0.9246,0.0999,0.1501
13.4100,-0.2671,0.9158,0.0999,0.1501
13.4200,-0.2811,0.9065,0.0999,0.1501
13.4300,-0.2947,0.8967,0.0999,0.1501
13.4400,-0.3080,0.8865,0.0999,0.1501
13.4500,-0.3210,0.8758,0.0999,0.1501
13.4600,-0.3336,0.8647,0.0999,0.1501
13.4700,-0.3459,0.8532,0.0999,0.1501
13.4800,-0.3577,0.8412,0.0999,0.1501
13.4900,-0.3692,0.8288,0.0999,0.1501
13.5000,-0.3802,0.8161,0.0999,0.1501
13.5100,-0.3908,0.8029,0.0999,0.1501
13.5200,-0.4010,0.7895,0.0999,0.1501
13.5300,-0.4107,0.7756,0.0999,0.1501
13.5400,-0.4200,0.7614,0.0999,0.1501
13.5500,-0.4287,0.7470,0.0999,0.1501
13.5600,-0.4370,0.7322,0.0999,0.1501
13.5700,-0.4447,0.7171,0.0999,0.1501
13.5800,-0.4520,0.7017,0.0999,0.1501
13.5900,-0.4587,0.6862,0.0999,0.1501
13.6000,-0.4649,0.6703,0.0999,0.1501
13.6100,-0.4706,0.6543,0.0999,0.1501
13.6200,-0.4757,0.6381,0.0999,0.1501
13.6300,-0.4803,0.6217,0.0999,0.1501
13.6400,-0.4843,0.6051,0.0999,0.1501
13.6500,-0.4877,0.5884,0.0999,0.1501
13.6600,-0.4905,0.5716,0.0999,0.1501
13.6700,-0.4928,0.5546,0.0999,0.1501
13.6800,-0.4945,0.5376,0.0999,0.1501
13.6900,-0.4956,0.5206,0.0999,0.1501
13.7000,-0.4962,0.5034,0.0999,0.1501
13.7100,-0.4961,0.4863,0.0999,0.1501
13.7200,-0.4955,0.4692,0.0999,0.1501
13.7300,-0.4942,0.4521,0.0999,0.1501
13.7400,-0.4924,0.4350,0.0999,0.1501
13.7500,-0.4900,0.4180,0.0999,0.1501
13.7600,-0.4870,0.4011,0.0999,0.1501
13.7700,-0.4834,0.3842,0.0999,0.1501
13.7800,-0.4792,0.3675,0.0999,0.1501
13.7900,-0.4744,0.3510,0.0999,0.1501
13.8000,-0.4691,0.3346,0.0999,0.1501
13.8100,-0.4632,0.3184,0.0998,0.1502
13.8200,-0.4568,0.3023,0.0998,0.1502
13.8300,-0.4497,0.2865,0.0998,0.1502
13.8400,-0.4422,0.2710,0.0998,0.1502
13.8500,-0.4341,0.2557,0.0998,0.1502
13.8600,-0.4254,0.2407,0.0998,0.1502
13.8700,-0.4163,0.2260,0.0998,0.1502
13.8800,-0.4066,0.2116,0.0998,0.1502
13.8900,-0.3964,0.1975,0.0998,0.1502
13.9000,-0.3857,0.1838,0.0998,0.1502
13.9100,-0.3746,0.1705,0.0998,0.1502
13.9200,-0.3630,0.1576,0.0998,0.1502
13.9300,-0.3509,0.1450,0.0998,0.1502
13.9400,-0.3384,0.1329,0.0998,0.1502
13.9500,-0.3255,0.1212,0.0998,0.1502
13.9600,-0.3121,0.1100,0.0998,0.1502
13.9700,-0.2984,0.0992,0.0998,0.1502
13.9800,-0.2843,0.0889,0.0998,0.1502
13.9900,-0.2698,0.0792,0.0998,0.1502
14.0000,-0.2549,0.0699,0.0998,0.1502
14.0100,-0.2398,0.0611,0.0998,0.1502
14.0200,-0.2243,0.0529,0.0998,0.1502
14.0300,-0.2086,0.0452,0.0998,0.1502
14.0400,-0.1925,0.0381,0.0998,0.1502
14.0500,-0.1763,0.0315,0.0998,0.1502
14.0600,-0.1597,0.0255,0.0998,0.1502
14.0700,-0.1430,0.0201,0.0998,0.1502
14.0800,-0.1261,0.0153,0.0998,0.1502
14.0900,-0.1090,0.0111,0.0998,0.1502
14.1000,-0.0918,0.0075,0.0998,0.1502
14.1100,-0.0744,0.0044,0.0998,0.1502
14.1200,-0.0569,0.0021,0.0998,0.1502
14.1300,-0.0393,0.0003,0.0998,0.1502
14.1400,-0.0217,-0.0009,0.0998,0.1502
14.1500,-0.0040,-0.0014,0.0998,0.1502
14.1600,0.0137,-0.0013,0.0998,0.1502
14.1700,0.0313,-0.0005,0.0998,0.1502
14.1800,0.0490,0.0008,0.0998,0.1502
14.1900,0.0666,0.0028,0.0998,0.1502
14.2000,0.0842,0.0054,0.0998,0.1502
14.2100,0.1016,0.0087,0.0998,0.1502
14.2200,0.1190,0.0126,0.0998,0.1502
14.2300,0.1362,0.0171,0.0998,0.1502
14.2400,0.1532,0.0222,0.0998,0.1502
14.2500,0.1701,0.0279,0.0998,0.1502
14.2600,0.1867,0.0342,0.0998,0.1502
14.2700,0.2032,0.0411,0.0998,0.1502
14.2800,0.2194,0.0486,0.0998,0.1502
14.2900,0.2353,0.0567,0.0998,0.1502
14.3000,0.2509,0.0654,0.0998,0.1502
14.3100,0.2662,0.0746,0.0998,0.1502
14.3200,0.2812,0.0844,0.0998,0.1502
14.3300,0.2959,0.0947,0.0998,0.1502
14.3400,0.3101,0.1055,0.0998,0.1502
14.3500,0.3240,0.1169,0.0998,0.1502
14.3600,0.3375,0.1287,0.0998,0.1502
14.3700,0.3505,0.1411,0.0998,0.1502
14.3800,0.3631,0.1539,0.0998,0.1502
14.3900,0.3752,0.1671,0.0998,0.1502
14.4000,0.3869,0.1809,0.0998,0.1502
14.4100,0.3981,0.1950,0.0998,0.1502
14.4200,0.4087,0.2095,0.0998,0.1502
14.4300,0.4188,0.2244,0.0998,0.1502
14.4400,0.4284,0.2397,0.0998,0.1502
14.4500,0.4375,0.2554,0.0998,0.1502
14.4600,0.4459,0.2713,0.0998,0.1502
14.4700,0.4538,0.2876,0.0998,0.1502
14.4800,0.4611,0.3042,0.0998,0.1502
14.4900,0.4678,0.3210,0.0998,0.1502
14.5000,0.4739,0.3380,0.0998,0.1502
14.5100,0.4793,0.3553,0.0998,0.1502
14.5200,0.4841,0.3728,0.0998,0.1502
14.5300,0.4883,0.3905,0.0998,0.1502
14.5400,0.4919,0.4083,0.0998,0.1502
14.5500,0.4948,0.4263,0.0998,0.1502
14.5600,0.4970,0.4443,0.0998,0.1502
14.5700,0.4986,0.4624,0.0998,0.1502
14.5800,0.4995,0.4806,0.0998,0.1502
14.5900,0.4997,0.4989,0.0998,0.1502
14.6000,0.4993,0.5171,0.0998,0.1502
14.6100,0.4982,0.5353,0.0998,0.1502
14.6200,0.4965,0.5535,0.0998,0.1502
14.6300,0.4941,0.5716,0.0998,0.1502
14.6400,0.4910,0.5897,0.0998,0.1502
14.6500,0.4872,0.6076,0.0998,0.1502
14.6600,0.4828,0.6254,0.0998,0.1502
14.6700,0.4777,0.6430,0.0998,0.1502
14.6800,0.4720,0.6604,0.0998,0.1502
14.6900,0.4657,0.6776,0.0998,0.1502
14.7000,0.4587,0.6946,0.0998,0.1502
14.7100,0.4510,0.7113,0.0998,0.1502
14.7200,0.4428,0.7278,0.0998,0.1502
14.7300,0.4340,0.7439,0.0998,0.1502
14.7400,0.4245,0.7597,0.0998,0.1502
14.7500,0.4145,0.7752,0.0998,0.1502
14.7600,0.4039,0.7903,0.0998,0.1502
14.7700,0.3927,0.8050,0.0998,0.1502
14.7800,0.3810,0.8193,0.0998,0.1502
14.7900,0.3688,0.8331,0.0998,0.1502
14.8000,0.3560,0.8465,0.0998,0.1502
14.8100,0.3428,0.8594,0.0998,0.1502
14.8200,0.3290,0.8718,0.0998,0.1502
14.8300,0.3148,0.8838,0.0998,0.1502
14.8400,0.3002,0.8951,0.0998,0.1502
14.8500,0.2852,0.9060,0.0998,0.1502
14.8600,0.2697,0.9163,0.0998,0.1502
14.8700,0.2538,0.9260,0.0998,0.1502
14.8800,0.2376,0.9351,0.0998,0.1502
14.8900,0.2211,0.9436,0.0998,0.1502
14.9000,0.2042,0.9515,0.0998,0.1502
14.9100,0.1871,0.9587,0.0998,0.1502
14.9200,0.1696,0.9653,0.0998,0.1502
14.9300,0.1519,0.9713,0.0998,0.1502
14.9400,0.1340,0.9766,0.0998,0.1502
14.9500,0.1159,0.9812,0.0998,0.1502
14.9600,0.0977,0.9851,0.0998,0.1502
14.9700,0.0793,0.9884,0.0998,0.1502
14.9800,0.0607,0.9909,0.0998,0.1502
14.9900,0.0421,0.9928,0.0998,0.1502
15.0000,0.0234,0.9940,0.0998,0.1502
15.0100,0.0046,0.9944,0.0998,0.1502
15.0200,-0.0141,0.9942,0.0998,0.1502
15.0300,-0.0329,0.9932,0.0998,0.1502
15.0400,-0.0516,0.9915,0.0999,0.1501
15.0500,-0.0703,0.9892,0.0999,0.1501
15.0600,-0.0888,0.9861,0.0999,0.1501
15.0700,-0.1073,0.9823,0.0999,0.1501
15.0800,-0.1256,0.9778,0.0999,0.1501
15.0900,-0.1437,0.9727,0.0999,0.1501
15.1000,-0.1617,0.9668,0.0999,0.1501
15.1100,-0.1794,0.9603,0.0999,0.1501
15.1200,-0.1968,0.9531,0.0999,0.1501
15.1300,-0.2140,0.9452,0.0999,0.1501
15.1400,-0.2309,0.9367,0.0999,0.1501
15.1500,-0.2475,0.9275,0.0999,0.1501
15.1600,-0.2637,0.9177,0.0999,0.1501
15.1700,-0.2795,0.9073,0.0999,0.1501
15.1800,-0.2950,0.8963,0.0999,0.1501
15.1900,-0.3100,0.8847,0.0999,0.1501
15.2000,-0.3246,0.8725,0.0999,0.1501
15.2100,-0.3387,0.8597,0.0999,0.1501
15.2200,-0.3523,0.8465,0.0999,0.1501
15.2300,-0.3654,0.8327,0.0999,0.1501
15.2400,-0.3780,0.8184,0.0999,0.1501
15.2500,-0.3900,0.8036,0.0999,0.1501
15.2600,-0.4015,0.7884,0.0999,0.1501
15.2700,-0.4124,0.7727,0.0999,0.1501
15.2800,-0.4227,0.7566,0.0999,0.1501
15.2900,-0.4323,0.7402,0.0999,0.1501
15.3000,-0.4414,0.7233,0.0999,0.1501
15.3100,-0.4497,0.7061,0.0999,0.1501
15.3200,-0.4575,0.6886,0.0999,0.1501
15.3300,-0.4645,0.6708,0.0999,0.1501
15.3400,-0.4709,0.6527,0.0999,0.1501
15.3500,-0.4765,0.6344,0.0999,0.1501
15.3600,-0.4815,0.6158,0.0999,0.1501
15.3700,-0.4857,0.5971,0.0999,0.1501
15.3800,-0.4893,0.5782,0.0998,0.1502
15.3900,-0.4920,0.5592,0.0998,0.1502
15.4000,-0.4941,0.5400,0.0998,0.1502
15.4100,-0.4954,0.5208,0.0998,0.1502
15.4200,-0.4960,0.5016,0.0998,0.1502
15.4300,-0.4958,0.4823,0.0998,0.1502
15.4400,-0.4949,0.4630,0.0998,0.1502
15.4500,-0.4932,0.4438,0.0998,0.1502
15.4600,-0.4908,0.4246,0.0998,0.1502
15.4700,-0.4876,0.4056,0.0998,0.1502
15.4800,-0.4837,0.3866,0.0998,0.1502
15.4900,-0.4791,0.3678,0.0998,0.1502
15.5000,-0.4737,0.3492,0.0998,0.1502
15.5100,-0.4676,0.3308,0.0998,0.1502
15.5200,-0.4608,0.3127,0.0998,0.1502
15.5300,-0.4533,0.2948,0.0998,0.1502
15.5400,-0.4450,0.2772,0.0998,0.1502
15.5500,-0.4361,0.2599,0.0998,0.1502
15.5600,-0.4266,0.2430,0.0998,0.1502
15.5700,-0.4163,0.2264,0.0998,0.1502
15.5800,-0.4055,0.2103,0.0998,0.1502
15.5900,-0.3939,0.1946,0.0998,0.1502
15.6000,-0.3818,0.1793,0.0998,0.1502
15.6100,-0.3691,0.1645,0.0998,0.1502
15.6200,-0.3558,0.1503,0.0998,0.1502
15.6300,-0.3419,0.1365,0.0998,0.1502
15.6400,-0.3275,0.1233,0.0998,0.1502
15.6500,-0.3126,0.1106,0.0998,0.1502
15.6600,-0.2972,0.0986,0.0998,0.1502
15.6700,-0.2813,0.0871,0.0998,0.1502
15.6800,-0.2650,0.0763,0.0998,0.1502
15.6900,-0.2483,0.0661,0.0998,0.1502
15.7000,-0.2311,0.0566,0.0998,0.1502
15.7100,-0.2136,0.0477,0.0998,0.1502
15.7200,-0.1957,0.0396,0.0998,0.1502
15.7300,-0.1775,0.0322,0.0998,0.1502
15.7400,-0.1590,0.0254,0.0998,0.1502
15.7500,-0.1403,0.0194,0.0998,0.1502
15.7600,-0.1213,0.0142,0.0998,0.1502
15.7700,-0.1021,0.0097,0.0998,0.1502
15.7800,-0.0828,0.0060,0.0998,0.1502
15.7900,-0.0633,0.0030,0.0998,0.1502
15.8000,-0.0436,0.0008,0.0998,0.1502
15.8100,-0.0239,-0.0006,0.0998,0.1502
15.8200,-0.0042,-0.0012,0.0998,0.1502
15.8300,0.0156,-0.0011,0.0998,0.1502
15.8400,0.0354,-0.0001,0.0998,0.1502
15.8500,0.0551,0.0016,0.0998,0.1502
15.8600,0.0748,0.0041,0.0998,0.1502
15.8700,0.0943,0.0074,0.0998,0.1502
15.8800,0.1137,0.0115,0.0998,0.1502
15.8900,0.1330,0.0163,0.0998,0.1502
15.9000,0.1520,0.0219,0.0998,0.1502
15.9100,0.1709,0.0283,0.0998,0.1502
15.9200,0.1894,0.0354,0.0998,0.1502
15.9300,0.2077,0.0433,0.0998,0.1502
15.9400,0.2257,0.0519,0.0998,0.1502
15.9500,0.2433,0.0612,0.0998,0.1502
15.9600,0.2606,0.0712,0.0998,0.1502
15.9700,0.2774,0.0819,0.0998,0.1502
15.9800,0.2938,0.0933,0.0998,0.1502
15.9900,0.3097,0.1054,0.0998,0.1502
16.0000,0.3252,0.1181,0.0998,0.1502
16.0100,0.3401,0.1313,0.0998,0.1502
16.0200,0.3546,0.1452,0.0998,0.1502
16.0300,0.3684,0.1597,0.0998,0.1502
16.0400,0.3817,0.1747,0.0998,0.1502
16.0500,0.3943,0.1903,0.0998,0.1502
16.0600,0.4063,0.2064,0.0998,0.1502
16.0700,0.4177,0.2229,0.0998,0.1502
16.0800,0.4284,0.2399,0.0998,0.1502
16.0900,0.4384,0.2574,0.0998,0.1502
16.1000,0.4477,0.2752,0.0998,0.1502
16.1100,0.4563,0.2934,0.0998,0.1502
16.1200,0.4642,0.3120,0.0998,0.1502
16.1300,0.4712,0.3308,0.0998,0.1502
16.1400,0.4776,0.3500,0.0998,0.1502
16.1500,0.4831,0.3694,0.0998,0.1502
16.1600,0.4879,0.3890,0.0998,0.1502
16.1700,0.4918,0.4088,0.0998,0.1502
16.1800,0.4950,0.4288,0.0998,0.1502
16.1900,0.4973,0.4489,0.0998,0.1502
16.2000,0.4989,0.4691,0.0998,0.1502
16.2100,0.4996,0.4893,0.0998,0.1502
16.2200,0.4995,0.5096,0.0998,0.1502
16.2300,0.4985,0.5298,0.0998,0.1502
16.2400,0.4967,0.5500,0.0998,0.1502
16.2500,0.4941,0.5702,0.0998,0.1502
16.2600,0.4907,0.5902,0.0998,0.1502
16.2700,0.4865,0.6101,0.0998,0.1502
16.2800,0.4814,0.6298,0.0998,0.1502
16.2900,0.4756,0.6493,0.0998,0.1502
16.3000,0.4689,0.6685,0.0998,0.1502
16.3100,0.4615,0.6875,0.0998,0.1502
16.3200,0.4533,0.7062,0.0998,0.1502
16.3300,0.4443,0.7245,0.0998,0.1502
16.3400,0.4346,0.7425,0.0998,0.1502
16.3500,0.4241,0.7600,0.0998,0.1502
16.3600,0.4130,0.7771,0.0998,0.1502
16.3700,0.4011,0.7938,0.0998,0.1502
16.3800,0.3885,0.8099,0.0998,0.1502
16.3900,0.3753,0.8256,0.0998,0.1502
16.4000,0.3614,0.8407,0.0998,0.1502
16.4100,0.3470,0.8552,0.0998,0.1502
16.4200,0.3319,0.8691,0.0998,0.1502
16.4300,0.3162,0.8824,0.0998,0.1502
16.4400,0.3000,0.8950,0.0998,0.1502
16.4500,0.2833,0.9070,0.0998,0.1502
16.4600,0.2661,0.9183,0.0998,0.1502
16.4700,0.2485,0.9289,0.0998,0.1502
16.4800,0.2304,0.9387,0.0998,0.1502
16.4900,0.2119,0.9478,0.0998,0.1502
16.5000,0.1930,0.9561,0.0998,0.1502
16.5100,0.1738,0.9636,0.0998,0.1502
16.5200,0.1543,0.9703,0.0998,0.1502
16.5300,0.1345,0.9762,0.0998,0.1502
16.5400,0.1145,0.9813,0.0998,0.1502
16.5500,0.0942,0.9856,0.0998,0.1502
16.5600,0.0738,0.9890,0.0998,0.1502
16.5700,0.0533,0.9916,0.0998,0.1502
16.5800,0.0326,0.9933,0.0998,0.1502
16.5900,0.0119,0.9941,0.0998,0.1502
16.6000,-0.0088,0.9941,0.0998,0.1502
16.6100,-0.0296,0.9932,0.0998,0.1502
16.6200,-0.0503,0.9915,0.0998,0.1502
16.6300,-0.0709,0.9889,0.0998,0.1502
16.6400,-0.0914,0.9854,0.0998,0.1502
16.6500,-0.1117,0.9811,0.0998,0.1502
16.6600,-0.1319,0.9759,0.0998,0.1502
16.6700,-0.1518,0.9699,0.0998,0.1502
16.6800,-0.1715,0.9630,0.0998,0.1502
16.6900,-0.1909,0.9554,0.0998,0.1502
16.7000,-0.2100,0.9469,0.0998,0.1502
16.7100,-0.2287,0.9376,0.0998,0.1502
16.7200,-0.2470,0.9275,0.0998,0.1502
16.7300,-0.2649,0.9167,0.0999,0.1501
16.7400,-0.2823,0.9051,0.0999,0.1501
16.7500,-0.2992,0.8928,0.0999,0.1501
16.7600,-0.3156,0.8798,0.0999,0.1501
16.7700,-0.3315,0.8661,0.0999,0.1501
16.7800,-0.3467,0.8517,0.0999,0.1501
16.7900,-0.3614,0.8367,0.0999,0.1501
16.8000,-0.3754,0.8211,0.0999,0.1501
16.8100,-0.3888,0.8049,0.0999,0.1501
16.8200,-0.4014,0.7881,0.0999,0.1501
16.8300,-0.4134,0.7708,0.0999,0.1501
16.8400,-0.4246,0.7530,0.0998,0.1502
16.8500,-0.4351,0.7347,0.0998,0.1502
16.8600,-0.4448,0.7160,0.0998,0.1502
16.8700,-0.4537,0.6969,0.0998,0.1502
16.8800,-0.4617,0.6774,0.0998,0.1502
16.8900,-0.4690,0.6576,0.0998,0.1502
16.9000,-0.4754,0.6375,0.0998,0.1502
16.9100,-0.4810,0.6171,0.0998,0.1502
16.9200,-0.4856,0.5965,0.0998,0.1502
16.9300,-0.4895,0.5757,0.0998,0.1502
16.9400,-0.4924,0.5547,0.0998,0.1502
16.9500,-0.4944,0.5336,0.0998,0.1502
16.9600,-0.4955,0.5125,0.0998,0.1502
16.9700,-0.4958,0.4913,0.0998,0.1502
16.9800,-0.4951,0.4701,0.0998,0.1502
16.9900,-0.4935,0.4489,0.0998,0.1502
17.0000,-0.4910,0.4278,0.0998,0.1502
17.0100,-0.4876,0.4068,0.0998,0.1502
17.0200,-0.4833,0.3860,0.0998,0.1502
17.0300,-0.4782,0.3653,0.0998,0.1502
17.0400,-0.4721,0.3449,0.0998,0.1502
17.0500,-0.4652,0.3248,0.0998,0.1502
17.0600,-0.4574,0.3049,0.0998,0.1502
17.0700,-0.4488,0.2854,0.0998,0.1502
17.0800,-0.4393,0.2663,0.0998,0.1502
17.0900,-0.4290,0.2476,0.0998,0.1502
17.1000,-0.4180,0.2293,0.0998,0.1502
17.1100,-0.4061,0.2115,0.0998,0.1502
17.1200,-0.3935,0.1942,0.0998,0.1502
17.1300,-0.3801,0.1775,0.0998,0.1502
17.1400,-0.3660,0.1614,0.0998,0.1502
17.1500,-0.3513,0.1459,0.0998,0.1502
17.1600,-0.3358,0.1310,0.0998,0.1502
17.1700,-0.3198,0.1168,0.0998,0.1502
17.1800,-0.3031,0.1032,0.0998,0.1502
17.1900,-0.2858,0.0905,0.0998,0.1502
17.2000,-0.2680,0.0784,0.0998,0.1502
17.2100,-0.2497,0.0671,0.0998,0.1502
17.2200,-0.2309,0.0567,0.0998,0.1502
17.2300,-0.2117,0.0470,0.0998,0.1502
17.2400,-0.1920,0.0382,0.0998,0.1502
17.2500,-0.1720,0.0302,0.0998,0.1502
17.2600,-0.1516,0.0231,0.0998,0.1502
17.2700,-0.1309,0.0169,0.0998,0.1502
17.2800,-0.1100,0.0116,0.0998,0.1502
17.2900,-0.0889,0.0072,0.0998,0.1502
17.3000,-0.0675,0.0037,0.0998,0.1502
17.3100,-0.0461,0.0012,0.0998,0.1502
17.3200,-0.0245,-0.0004,0.0998,0.1502
17.3300,-0.0028,-0.0011,0.0998,0.1502
17.3400,0.0188,-0.0008,0.0998,0.1502
17.3500,0.0405,0.0004,0.0998,0.1502
17.3600,0.0621,0.0025,0.0997,0.1503
17.3700,0.0836,0.0056,0.0997,0.1503
17.3800,0.1049,0.0096,0.0997,0.1503
17.3900,0.1260,0.0146,0.0997,0.1503
17.4000,0.1470,0.0205,0.0997,0.1503
17.4100,0.1676,0.0273,0.0997,0.1503
17.4200,0.1880,0.0350,0.0997,0.1503
17.4300,0.2080,0.0436,0.0997,0.1503
17.4400,0.2276,0.0530,0.0997,0.1503
17.4500,0.2469,0.0633,0.0997,0.1503
17.4600,0.2656,0.0745,0.0997,0.1503
17.4700,0.2839,0.0865,0.0997,0.1503
17.4800,0.3016,0.0992,0.0997,0.1503
17.4900,0.3187,0.1128,0.0997,0.1503
17.5000,0.3353,0.1271,0.0997,0.1503
17.5100,0.3512,0.1421,0.0997,0.1503
17.5200,0.3665,0.1578,0.0997,0.1503
17.5300,0.3810,0.1742,0.0997,0.1503
17.5400,0.3948,0.1912,0.0997,0.1503
17.5500,0.4079,0.2088,0.0997,0.1503
17.5600,0.4202,0.2270,0.0997,0.1503
17.5700,0.4317,0.2457,0.0997,0.1503
17.5800,0.4423,0.2649,0.0997,0.1503
17.5900,0.4521,0.2846,0.0997,0.1503
17.6000,0.4610,0.3047,0.0997,0.1503
17.6100,0.4691,0.3252,0.0997,0.1503
17.6200,0.4762,0.3460,0.0997,0.1503
17.6300,0.4824,0.3671,0.0997,0.1503
17.6400,0.4876,0.3885,0.0997,0.1503
17.6500,0.4919,0.4102,0.0997,0.1503
17.6600,0.4953,0.4320,0.0997,0.1503
17.6700,0.4977,0.4539,0.0997,0.1503
17.6800,0.4991,0.4760,0.0997,0.1503
17.6900,0.4995,0.4981,0.0997,0.1503
17.7000,0.4989,0.5202,0.0997,0.1503
17.7100,0.4974,0.5423,0.0997,0.1503
17.7200,0.4948,0.5643,0.0997,0.1503
17.7300,0.4913,0.5861,0.0997,0.1503
17.7400,0.4869,0.6078,0.0997,0.1503
17.7500,0.4814,0.6293,0.0997,0.1503
17.7600,0.4750,0.6506,0.0997,0.1503
17.7700,0.4677,0.6715,0.0997,0.1503
17.7800,0.4594,0.6922,0.0997,0.1503
17.7900,0.4502,0.7124,0.0998,0.1502
17.8000,0.4401,0.7322,0.0998,0.1502
17.8100,0.4291,0.7516,0.0998,0.1502
17.8200,0.4173,0.7704,0.0998,0.1502
17.8300,0.4046,0.7888,0.0998,0.1502
17.8400,0.3911,0.8065,0.0998,0.1502
17.8500,0.3768,0.8236,0.0998,0.1502
17.8600,0.3618,0.8401,0.0998,0.1502
17.8700,0.3460,0.8559,0.0998,0.1502
17.8800,0.3295,0.8710,0.0998,0.1502
17.8900,0.3123,0.8853,0.0998,0.1502
17.9000,0.2946,0.8989,0.0998,0.1502
17.9100,0.2762,0.9116,0.0998,0.1502
17.9200,0.2572,0.9236,0.0998,0.1502
17.9300,0.2377,0.9346,0.0998,0.1502
17.9400,0.2178,0.9448,0.0998,0.1502
17.9500,0.1973,0.9541,0.0998,0.1502
17.9600,0.1765,0.9624,0.0998,0.1502
17.9700,0.1553,0.9698,0.0998,0.1502
17.9800,0.1338,0.9762,0.0998,0.1502
17.9900,0.1120,0.9817,0.0998,0.1502
18.0000,0.0899,0.9862,0.0998,0.1502
18.0100,0.0677,0.9897,0.0998,0.1502
18.0200,0.0453,0.9921,0.0998,0.1502
18.0300,0.0228,0.9936,0.0998,0.1502
18.0400,0.0003,0.9940,0.0998,0.1502
18.0500,-0.0223,0.9934,0.0998,0.1502
18.0600,-0.0448,0.9918,0.0998,0.1502
18.0700,-0.0672,0.9892,0.0998,0.1502
18.0800,-0.0895,0.9856,0.0998,0.1502
18.0900,-0.1116,0.9809,0.0998,0.1502
18.1000,-0.1335,0.9752,0.0998,0.1502
18.1100,-0.1551,0.9686,0.0998,0.1502
18.1200,-0.1764,0.9610,0.0998,0.1502
18.1300,-0.1974,0.9524,0.0998,0.1502
18.1400,-0.2180,0.9428,0.0998,0.1502
18.1500,-0.2381,0.9323,0.0998,0.1502
18.1600,-0.2577,0.9209,0.0998,0.1502
18.1700,-0.2768,0.9086,0.0998,0.1502
18.1800,-0.2953,0.8955,0.0998,0.1502
18.1900,-0.3132,0.8815,0.0998,0.1502
18.2000,-0.3305,0.8667,0.0998,0.1502
18.2100,-0.3471,0.8511,0.0998,0.1502
18.2200,-0.3629,0.8348,0.0998,0.1502
18.2300,-0.3780,0.8177,0.0998,0.1502
18.2400,-0.3923,0.8000,0.0998,0.1502
18.2500,-0.4058,0.7816,0.0998,0.1502
18.2600,-0.4185,0.7626,0.0998,0.1502
18.2700,-0.4302,0.7430,0.0998,0.1502
18.2800,-0.4411,0.7229,0.0998,0.1502
18.2900,-0.4510,0.7023,0.0998,0.1502
18.3000,-0.4600,0.6813,0.0998,0.1502
18.3100,-0.4680,0.6599,0.0998,0.1502
18.3200,-0.4750,0.6381,0.0998,0.1502
18.3300,-0.4810,0.6160,0.0998,0.1502
18.3400,-0.4860,0.5936,0.0998,0.1502
18.3500,-0.4900,0.5710,0.0998,0.1502
18.3600,-0.4929,0.5483,0.0998,0.1502
18.3700,-0.4948,0.5254,0.0998,0.1502
18.3800,-0.4956,0.5024,0.0998,0.1502
18.3900,-0.4953,0.4795,0.0998,0.1502
18.4000,-0.4940,0.4565,0.0998,0.1502
18.4100,-0.4916,0.4336,0.0998,0.1502
18.4200,-0.4882,0.4109,0.0998,0.1502
18.4300,-0.4837,0.3883,0.0998,0.1502
18.4400,-0.4781,0.3659,0.0998,0.1502
18.4500,-0.4716,0.3438,0.0998,0.1502
18.4600,-0.4640,0.3220,0.0998,0.1502
18.4700,-0.4554,0.3006,0.0998,0.1502
18.4800,-0.4458,0.2796,0.0998,0.1502
18.4900,-0.4353,0.2591,0.0998,0.1502
18.5000,-0.4238,0.2390,0.0998,0.1502
18.5100,-0.4113,0.2195,0.0998,0.1502
18.5200,-0.3980,0.2006,0.0998,0.1502
18.5300,-0.3838,0.1823,0.0998,0.1502
18.5400,-0.3688,0.1647,0.0998,0.1502
18.5500,-0.3529,0.1478,0.0998,0.1502
18.5600,-0.3363,0.1316,0.0998,0.1502
18.5700,-0.3189,0.1162,0.0998,0.1502
18.5800,-0.3008,0.1017,0.0998,0.1502
18.5900,-0.2820,0.0880,0.0998,0.1502
18.6000,-0.2626,0.0752,0.0997,0.1503
18.6100,-0.2427,0.0633,0.0997,0.1503
18.6200,-0.2221,0.0523,0.0997,0.1503
18.6300,-0.2011,0.0423,0.0997,0.1503
18.6400,-0.1796,0.0333,0.0997,0.1503
18.6500,-0.1577,0.0253,0.0997,0.1503
18.6600,-0.1355,0.0184,0.0997,0.1503
18.6700,-0.1129,0.0124,0.0997,0.1503
18.6800,-0.0901,0.0076,0.0997,0.1503
18.6900,-0.0671,0.0038,0.0997,0.1503
18.7000,-0.0438,0.0011,0.0997,0.1503
18.7100,-0.0205,-0.0005,0.0997,0.1503
18.7200,0.0029,-0.0010,0.0997,0.1503
18.7300,0.0263,-0.0004,0.0997,0.1503
18.7400,0.0496,0.0013,0.0997,0.1503
18.7500,0.0729,0.0041,0.0997,0.1503
18.7600,0.0960,0.0080,0.0997,0.1503
18.7700,0.1189,0.0130,0.0997,0.1503
18.7800,0.1416,0.0190,0.0997,0.1503
18.7900,0.1640,0.0261,0.0997,0.1503
18.8000,0.1860,0.0343,0.0997,0.1503
18.8100,0.2076,0.0435,0.0997,0.1503
18.8200,0.2288,0.0538,0.0997,0.1503
18.8300,0.2495,0.0650,0.0997,0.1503
18.8400,0.2696,0.0772,0.0997,0.1503
18.8500,0.2891,0.0903,0.0997,0.1503
18.8600,0.3081,0.1044,0.0997,0.1503
18.8700,0.3263,0.1193,0.0997,0.1503
18.8800,0.3438,0.1351,0.0997,0.1503
18.8900,0.3606,0.1518,0.0997,0.1503
18.9000,0.3765,0.1692,0.0997,0.1503
18.9100,0.3916,0.1873,0.0997,0.1503
18.9200,0.4059,0.2062,0.0997,0.1503
18.9300,0.4192,0.2257,0.0997,0.1503
18.9400,0.4316,0.2459,0.0997,0.1503
18.9500,0.4431,0.2666,0.0997,0.1503
18.9600,0.4535,0.2879,0.0997,0.1503
18.9700,0.4629,0.3096,0.0997,0.1503
18.9800,0.4713,0.3318,0.0997,0.1503
18.9900,0.4786,0.3544,0.0997,0.1503
19.0000,0.4849,0.3773,0.0997,0.1503
19.0100,0.4900,0.4005,0.0997,0.1503
19.0200,0.4940,0.4239,0.0997,0.1503
19.0300,0.4969,0.4475,0.0997,0.1503
19.0400,0.4987,0.4712,0.0997,0.1503
19.0500,0.4993,0.4950,0.0997,0.1503
19.0600,0.4988,0.5188,0.0997,0.1503
19.0700,0.4972,0.5426,0.0997,0.1503
19.0800,0.4944,0.5663,0.0997,0.1503
19.0900,0.4905,0.5898,0.0997,0.1503
19.1000,0.4855,0.6132,0.0997,0.1503
19.1100,0.4793,0.6362,0.0997,0.1503
19.1200,0.4720,0.6590,0.0997,0.1503
19.1300,0.4637,0.6814,0.0997,0.1503
19.1400,0.4543,0.7034,0.0997,0.1503
19.1500,0.4438,0.7249,0.0997,0.1503
19.1600,0.4323,0.7459,0.0997,0.1503
19.1700,0.4198,0.7663,0.0997,0.1503
19.1800,0.4063,0.7861,0.0997,0.1503
19.1900,0.3919,0.8053,0.0997,0.1503
19.2000,0.3765,0.8237,0.0997,0.1503
19.2100,0.3603,0.8414,0.0997,0.1503
19.2200,0.3432,0.8583,0.0997,0.1503
19.2300,0.3254,0.8744,0.0997,0.1503
19.2400,0.3067,0.8895,0.0997,0.1503
19.2500,0.2874,0.9038,0.0997,0.1503
19.2600,0.2673,0.9172,0.0997,0.1503
19.2700,0.2466,0.9295,0.0997,0.1503
19.2800,0.2254,0.9408,0.0998,0.1502
19.2900,0.2036,0.9511,0.0998,0.1502
19.3000,0.1813,0.9604,0.0998,0.1502
19.3100,0.1586,0.9685,0.0998,0.1502
19.3200,0.1355,0.9756,0.0998,0.1502
19.3300,0.1121,0.9815,0.0998,0.1502
19.3400,0.0884,0.9863,0.0998,0.1502
19.3500,0.0645,0.9899,0.0998,0.1502
19.3600,0.0404,0.9924,0.0998,0.1502
19.3700,0.0163,0.9936,0.0998,0.1502
19.3800,-0.0079,0.9938,0.0998,0.1502
19.3900,-0.0321,0.9927,0.0998,0.1502
19.4000,-0.0563,0.9904,0.0998,0.1502
19.4100,-0.0803,0.9870,0.0998,0.1502
19.4200,-0.1041,0.9824,0.0998,0.1502
19.4300,-0.1277,0.9767,0.0998,0.1502
19.4400,-0.1510,0.9697,0.0998,0.1502
19.4500,-0.1739,0.9617,0.0998,0.1502
19.4600,-0.1965,0.9526,0.0998,0.1502
19.4700,-0.2185,0.9423,0.0998,0.1502
19.4800,-0.2401,0.9310,0.0998,0.1502
19.4900,-0.2611,0.9186,0.0998,0.1502
19.5000,-0.2814,0.9052,0.0998,0.1502
19.5100,-0.3011,0.8909,0.0998,0.1502
19.5200,-0.3201,0.8755,0.0998,0.1502
19.5300,-0.3383,0.8593,0.0998,0.1502
19.5400,-0.3557,0.8421,0.0998,0.1502
19.5500,-0.3722,0.8242,0.0998,0.1502
19.5600,-0.3879,0.8054,0.0998,0.1502
19.5700,-0.4026,0.7859,0.0998,0.1502
19.5800,-0.4163,0.7656,0.0998,0.1502
19.5900,-0.4290,0.7447,0.0998,0.1502
19.6000,-0.4407,0.7232,0.0998,0.1502
19.6100,-0.4514,0.7011,0.0998,0.1502
19.6200,-0.4609,0.6785,0.0998,0.1502
19.6300,-0.4693,0.6555,0.0998,0.1502
19.6400,-0.4766,0.6320,0.0998,0.1502
19.6500,-0.4827,0.6083,0.0998,0.1502
19.6600,-0.4876,0.5842,0.0998,0.1502
19.6700,-0.4914,0.5599,0.0998,0.1502
19.6800,-0.4939,0.5354,0.0998,0.1502
19.6900,-0.4952,0.5109,0.0998,0.1502
19.7000,-0.4953,0.4863,0.0998,0.1502
19.7100,-0.4942,0.4616,0.0998,0.1502
19.7200,-0.4919,0.4371,0.0998,0.1502
19.7300,-0.4883,0.4127,0.0998,0.1502
19.7400,-0.4836,0.3885,0.0998,0.1502
19.7500,-0.4776,0.3646,0.0998,0.1502
19.7600,-0.4705,0.3409,0.0998,0.1502
19.7700,-0.4622,0.3177,0.0998,0.1502
19.7800,-0.4527,0.2948,0.0997,0.1503
19.7900,-0.4421,0.2725,0.0997,0.1503
19.8000,-0.4304,0.2507,0.0997,0.1503
19.8100,-0.4177,0.2295,0.0997,0.1503
19.8200,-0.4038,0.2089,0.0997,0.1503
19.8300,-0.3890,0.1891,0.0997,0.1503
19.8400,-0.3732,0.1700,0.0997,0.1503
19.8500,-0.3565,0.1517,0.0997,0.1503
19.8600,-0.3388,0.1342,0.0997,0.1503
19.8700,-0.3203,0.1177,0.0997,0.1503
19.8800,-0.3010,0.1020,0.0997,0.1503
19.8900,-0.2809,0.0874,0.0997,0.1503
19.9000,-0.2601,0.0738,0.0997,0.1503
19.9100,-0.2386,0.0612,0.0997,0.1503
19.9200,-0.2166,0.0497,0.0997,0.1503
19.9300,-0.1939,0.0393,0.0997,0.1503
19.9400,-0.1708,0.0301,0.0997,0.1503
19.9500,-0.1472,0.0220,0.0997,0.1503
19.9600,-0.1232,0.0152,0.0997,0.1503
19.9700,-0.0989,0.0095,0.0997,0.1503
19.9800,-0.0744,0.0050,0.0997,0.1503
19.9900,-0.0496,0.0018,0.0997,0.1503
20.0000,-0.0247,-0.0001,0.0997,0.1503
