x_central,y_central,x_border1,y_border1,x_border2,y_border2,curva
49.267346161662296,50.18198346581671,49.08336372018916,50.6469033096926,49.45132860313543,49.71706362194082,1
50.09620845016398,50.51807328738562,49.90362708553821,50.979497623543644,50.288789814789745,50.056648951227594,1
50.84023596452238,50.83879885453567,50.63635885376991,51.295344716099684,51.04411307527484,50.38225299297165,1
51.507801597948344,51.14870905084937,51.289933468102106,51.59874624708686,51.72566972779458,50.69867185461188,1
52.10727824365283,51.45235275990928,51.872604702581924,51.89385964447762,52.34195178472373,51.01084587534094,1
52.683529287874414,51.775899478392084,52.42791662715262,52.20562284019445,52.93914194859621,51.34617611658972,1
53.16859965756894,52.081033162394135,52.89131099829428,52.49709926223605,53.4458883168436,51.66496706255222,1
53.61129778297536,52.393871930145835,53.31131050973276,52.793881474897546,53.91128505621796,51.993862385394124,1
54.01999655730461,52.71896466522973,53.69762737305825,53.10116632541495,54.342365741550964,52.3367630050445,1
54.40306887376752,53.06086025122832,54.06002240846479,53.424617206685255,54.74611533907026,52.697103295771385,1
54.79457854606454,53.45099102689876,54.43252826339974,53.79583822903666,55.156628828729346,53.10614382476086,1
55.15120268407472,53.8421630740457,54.775006952322656,54.17152119435175,55.52739841582678,53.51280495373965,1
55.50791710765202,54.26410954311082,55.12115252996256,54.58098990136089,55.89468168534148,53.94722918486075,1
55.873094710007315,54.72137931767662,55.47907428701829,55.02919079612983,56.26711513299634,54.41356783922341,1
56.28326053540401,55.2556773304469,55.88473319726297,55.557630904286015,56.681787873545055,54.953723756607786,1
56.28326053540401,55.2556773304469,55.87269173897101,55.54104247091706,56.693829331837016,54.97031218997674,0
56.50667985562716,55.57712164299597,56.09611105919416,55.86248678346613,56.91724865206017,55.29175650252581,0
56.50667985562716,55.57712164299597,56.09568207101384,55.861868585109384,56.917677640240484,55.292374700882554,0
56.952292127777234,56.22030908266036,56.54129434316391,56.50505602477377,57.363289912390556,55.93556214054694,0
56.952292127777234,56.22030908266036,56.54213474128699,56.50626523018563,57.362449514267475,55.93435293513508,0
57.17565439458087,56.5406857711336,56.76549700809063,56.82664191865888,57.58581178107111,56.25472962360833,0
57.17565439458087,56.5406857711336,56.77071857289251,56.833989334551404,57.58059021626922,56.2473822077158,0
58.08645300688123,57.79813719847647,57.681517185192874,58.09144076189427,58.49138882856958,57.50483363505867,0
58.08645300688123,57.79813719847647,57.69039004897782,58.10331605321054,58.48251596478464,57.492958343742394,0
58.32141333341957,58.1030701270695,57.92535037551616,58.408248981803574,58.71747629132298,57.79789127233543,0
58.32141333341957,58.1030701270695,57.93046947166406,58.4147797627173,58.71235719517508,57.7913604914217,0
58.56044724421994,58.402864645723405,58.16950338246443,58.714574281371206,58.951391105975446,58.0911550100756,0
58.56044724421994,58.402864645723405,58.36411236682001,58.86270441772704,58.756782121619864,57.94302487371977,1
59.006876847871744,58.56784624234866,58.861336967180875,59.046195636754554,59.15241672856261,58.08949684794276,1
59.41806562325417,58.66491172560148,59.3376577936695,59.15840395547089,59.498473452838844,58.17141949573207,1
59.791846264461775,58.696757696176704,59.79165242607842,59.19675765860338,59.79204010284513,58.196757733750026,1
60.12605146558922,58.66608075476927,60.22154861278176,59.15687632817849,60.03055431839668,58.175285181360046,1
60.4377495341426,58.5668949595583,60.64731182290636,59.02085932724379,60.228187245378834,58.112930591872804,1
60.68308257249164,58.4152844889074,60.996620253459405,58.80476378567857,60.36954489152388,58.02580519213624,1
60.88218344547965,58.209433522693764,61.28118433449075,58.510761069672704,60.48318255646854,57.908105975714825,1
61.032884847201245,57.95203866161229,61.48959465311431,58.15554825151618,60.57617504128818,57.748529071708404,1
61.133019471751005,57.64579650635784,61.62084654390894,57.755453916822525,60.64519239959307,57.536139095893155,1
61.18173061735163,57.26653801709454,61.68126087574869,57.28820644910438,60.682200358954574,57.2448695850847,1
61.17022530943318,56.86769039805961,61.66799561268746,56.82052340538321,60.67245500617889,56.914857390736,1
61.101496499062065,56.42827790127167,61.590451815248755,56.32376618531227,60.612541182875376,56.53278961723107,1
60.97337688033289,55.950997127425595,61.449578096603545,55.798575338883566,60.49717566406224,56.10341891596762,1
60.76773793475195,55.40066632345942,61.22850151842838,55.20650937674453,60.30697435107552,55.59482327017431,1
60.76773793475195,55.40066632345942,61.18828895764844,55.13022809180436,60.34718691185546,55.671104555114475,0
60.678217064700455,55.26145489155374,61.098768087596945,54.99101665989868,60.257666041803965,55.531893123208796,0
60.678217064700455,55.26145489155374,61.098620753567616,54.990787681890495,60.257813375833294,55.532122101216984,0
60.588587432646115,55.12224102817394,61.008991121513276,54.851573818510694,60.168183743778954,55.39290823783718,0
60.588587432646115,55.12224102817394,61.0156527134105,54.86221171066218,60.16152215188173,55.3822703456857,0
59.860278287932836,53.926085331783355,60.287343568697224,53.6660560142716,59.43321300716845,54.186114649295114,0
59.860278287932836,53.926085331783355,60.294558897230246,53.678294386855434,59.425997678635426,54.173876276711276,0
59.739491524788725,53.71439337867932,60.173772134086136,53.4666024337514,59.305210915491315,53.96218432360724,0
59.739491524788725,53.71439337867932,60.174689988759134,53.46821804084508,59.30429306081832,53.960568716513556,0
59.01931331226651,52.441233952426536,59.45451177623692,52.1950586145923,58.5841148482961,52.687409290260774,0
59.01931331226651,52.441233952426536,59.45592359997754,52.19757136468502,58.582703024555485,52.684896540168054,0
58.90050123471719,52.22833883445551,59.337111522428216,51.984676246713995,58.46389094700616,52.47200142219703,0
58.90050123471719,52.22833883445551,59.34008935406871,51.990090465468455,58.46091311536567,52.46658720344257,0
57.97141104812288,50.51408992031027,58.4109991674744,50.27584155132321,57.53182292877136,50.75233828929733,0
57.97141104812288,50.51408992031027,58.414678130326536,50.28275835343134,57.52814396591923,50.7454214871892,0
57.85869077033181,50.29810042386691,58.301957852535466,50.066768856987984,57.41542368812816,50.52943199074584,0
57.85869077033181,50.29810042386691,58.30267384890199,50.068146024162644,57.414707691761635,50.52805482357118,0
57.285944328238344,49.192273664614646,57.72992740680852,48.96231926491038,56.84196124966817,49.422228064318915,0
57.285944328238344,49.192273664614646,57.73039610690228,48.963226472004784,56.841492549574404,49.42132085722451,0
57.19399468090741,49.01385111405597,57.63844645957135,48.784803921446105,56.74954290224347,49.24289830666583,0
57.19399468090741,49.01385111405597,57.69254663473498,48.97582547356555,56.695442727079836,49.051876754546385,1
57.153635359054974,46.64083847637172,57.65310371900276,46.66388966747049,56.65416699910719,46.61778728527295,1
57.408802754655234,44.280207613351685,57.90174308755924,44.363932330111346,56.91586242175123,44.19648289659202,1
57.94774584024513,41.9476764042502,58.427622295701404,42.08809929233731,57.46786938478886,41.807253516163094,1
58.758713588361644,39.65896272832161,59.22019844790076,39.85139901496257,58.297228728822525,39.46652644168066,1
59.91612118629896,37.27325087331313,60.353267236300056,37.51595095771451,59.47897513629786,37.030550788911754,1
61.25318713524502,35.12530258607466,61.66428197396285,35.409909391298214,60.84209229652719,34.84069578085111,1
62.826185305224016,33.06944817543306,63.20873575109213,33.39140338406636,62.4436348593559,32.74749296679976,1
64.62336466877292,31.121405520642693,64.97538108094317,31.476489236916457,64.27134825660268,30.76632180436893,1
66.63297419842868,29.296892500957853,66.95280651230686,29.681219563496164,66.3131418845505,28.91256543841954,1
69.00850920020245,27.496994523406222,69.29227532292019,27.908670108785955,68.72474307748472,27.08531893802649,1
71.420771188104,25.97836481784343,71.6695461363147,26.41208249691908,71.1719962398933,25.544647138767782,1
74.00937090061873,24.631541090810188,74.22197277222567,25.084089921533714,73.7967690290118,24.178992260086662,1
76.76255731028364,23.472241221560818,76.9378947261174,23.940489863426162,76.58721989444987,23.003992579695474,1
79.88169022177087,22.45608561658053,80.01739790040887,22.937316773051812,79.74598254313287,21.97485446010925,1
79.88169022177087,22.45608561658053,79.81491268155706,22.951606312538825,79.94846776198467,21.960564920622236,0
80.49948633469688,22.53934128099848,80.43270879448308,23.034861976956776,80.56626387491069,22.043820585040187,0
80.49948633469688,22.53934128099848,80.42211185538974,23.0333181933658,80.57686081400402,22.045364368631162,0
86.05424837697174,23.40941599488812,85.9768738976646,23.90339290725544,86.13162285627888,22.915439082520802,0
86.05424837697174,23.40941599488812,85.978878694623,23.90370276487357,86.12961805932048,22.91512922490267,0
86.67079299924299,23.50342776124751,86.59542331689426,23.997714531232962,86.74616268159173,23.00914099126206,0
86.67079299924299,23.50342776124751,86.60015951571575,23.998413529734655,86.74142648277024,23.008441992760368,0
87.9034582772797,23.679326641889915,87.83282479375245,24.17431241037706,87.97409176080694,23.18434087340277,0
87.9034582772797,23.679326641889915,87.83897083125466,24.175150571632287,87.96794572330474,23.183502712147543,0
88.51957338798123,23.759459301011912,88.45508594195618,24.255283230754284,88.58406083400627,23.26363537126954,0
88.51957338798123,23.759459301011912,88.46013118869841,24.25591335220338,88.57901558726404,23.263005249820445,0
89.13553978309558,23.83321113589378,89.07609758381277,24.329665187085247,89.1949819823784,23.336757084702313,0
89.13553978309558,23.83321113589378,89.425069661619,24.240853686962986,88.84600990457216,23.425568584824575,1
90.4355451835034,22.793886955338976,90.77223231620046,23.163537837491624,90.09885805080633,22.42423607318633,1
91.49901223085412,21.689069098125092,91.8823548063306,22.01008073315888,91.11566965537764,21.368057463091304,1
92.32810185078718,20.542621869225826,92.75405957628989,20.80446154552518,91.90214412528447,20.280782192926473,1
92.92497496894212,19.378409573614896,93.38707182411075,19.56937160241452,92.4628781137735,19.18744754481527,1
93.30924771134083,18.138438069796507,93.7989316532528,18.23948081834166,92.81956376942887,18.037395321251353,1
93.43197510201755,17.01334198370683,93.93195618773603,17.01769099782072,92.93199401629906,17.008992969592942,1
93.32912311966587,15.943778339038985,93.81865678904944,15.842010040734216,92.83958945028229,16.045546637343755,1
93.00285268992526,14.953611440766696,93.45641758157521,14.743185945489696,92.54928779827532,15.164036936043697,1
92.45532473843517,14.066705593863654,92.84677394910292,13.755630819142862,92.06387552776741,14.377780368584446,1
91.62561459068479,13.258150084490453,91.92823608795125,12.860129696328984,91.32299309341833,13.65617047265192,1
90.6266416560616,12.661057405990567,90.83685078270469,12.207392195647136,90.4164325294185,13.114722616333998,1
89.41304832843869,12.240523286993444,89.5323192649065,11.75495718056293,89.29377739197088,12.726089393423958,1
87.98699553345553,12.020412032472791,88.02343780685081,11.521741840151469,87.95055326006025,12.519082224794113,1
86.22577191476694,12.034099169788982,86.18779810661383,11.535543265306496,86.26374572292005,12.532655074271469,1
86.22577191476694,12.034099169788982,86.04552302525484,11.567719133949483,86.40602080427904,12.500479205628482,0
86.01178550081536,12.116801709609367,85.83153661130326,11.650421673769868,86.19203439032746,12.583181745448867,0
86.01178550081536,12.116801709609367,85.83051343661602,11.65081840653842,86.19305756501471,12.582785012680315,0
82.82353750033836,13.357061376462486,82.64226543613901,12.891078073391538,83.00480956453771,13.823044679533433,0
82.82353750033836,13.357061376462486,82.63849384316798,12.892562888907348,83.00858115750874,13.821559864017624,0
82.58595204508524,13.45170900763547,82.40090838791485,12.987210520080332,82.77099570225562,13.916207495190609,0
82.58595204508524,13.45170900763547,82.37933097426419,12.996398417935685,82.79257311590628,13.907019597335255,0
76.41315666435973,16.252938806322224,76.20653559353869,15.797628216622439,76.61977773518078,16.70824939602201,0
76.41315666435973,16.252938806322224,76.18153875755176,15.809821276488549,76.6447745711677,16.6960563361559,0
76.20527667717262,16.361597851062832,75.97365877036465,15.918480321229158,76.43689458398059,16.804715380896507,0
76.20527667717262,16.361597851062832,75.97211750257976,15.919289362219155,76.43843585176548,16.803906339906508,0
74.47591839598553,17.273214425438397,74.24275922139267,16.83090593659472,74.70907757057839,17.715522914282072,0
74.47591839598553,17.273214425438397,74.24010108290645,16.832317391141093,74.71173570906461,17.7141114597357,0
74.18841606672532,17.42698735089746,73.95259875364624,16.986090316600155,74.4242333798044,17.867884385194763,0
74.18841606672532,17.42698735089746,73.91720118705592,17.006936771745487,74.45963094639473,17.84703793004943,0
66.67990887197604,22.275019888864833,66.40869399230664,21.85496930971286,66.95112375164544,22.695070468016805,0
66.67990887197604,22.275019888864833,66.38016540933498,21.87482761432177,66.9796523346171,22.675212163407895,0
66.36936645129887,22.507615734391813,66.06962298865781,22.10742345984875,66.66910991393993,22.907808008934875,0
66.36936645129887,22.507615734391813,66.06619655722298,22.110012898227364,66.67253634537477,22.90521857055626,0
64.82776396684034,23.683078833269498,64.52459407276444,23.28547599710505,65.13093386091623,24.080681669433947,0
64.82776396684034,23.683078833269498,64.52089408576064,23.288324636222605,65.13463384792003,24.07783303031639,0
64.50936853219929,23.930589739791937,64.2024986511196,23.535835542745044,64.81623841327898,24.32534393683883,0
64.50936853219929,23.930589739791937,64.19556089318803,23.541327918265377,64.82317617121055,24.319851561318497,0
62.93921260822022,25.196387966422805,62.62540496920895,24.807126144896245,63.25302024723148,25.585649787949365,0
62.93921260822022,25.196387966422805,62.620205483486075,24.811375688217478,63.25821973295436,25.58140024462813,0
62.62849301550146,25.4538388828814,62.30948589076732,25.068826604676072,62.947500140235604,25.838851161086726,0
62.62849301550146,25.4538388828814,62.30577900288191,25.071928335686135,62.95120702812101,25.835749430076664,0
38.132474023684,46.15294929004261,37.80976001106445,45.771038742847345,38.45518803630355,46.53485983723788,0
38.132474023684,46.15294929004261,37.7990342487279,45.78036652544228,38.465913798640095,46.525532054642945,0
37.597861910078656,46.63139585221944,37.26442213512256,46.25881308761911,37.931301685034754,47.00397861681977,0
37.597861910078656,46.63139585221944,37.25793709130346,46.2647200859345,37.93778672885385,46.99807161850438,1
37.02975583306778,47.16192361106146,36.68687015873447,46.79801508637841,37.37264150740109,47.52583213574451,1
36.528831485223236,47.638795577074966,36.18196559895271,47.278678850246344,36.875697371493764,47.99891230390359,1
36.09019422789785,48.06700586175126,35.73819832930913,47.71190181027237,36.442190126486565,48.42210991323015,1
35.70894942244448,48.45154857658164,35.350416563891876,48.10304579418515,36.06748228099709,48.80005135897812,1
35.35860002446157,48.82077487905779,34.99119813320865,48.48163501070879,35.7260019157145,49.15991474740678,1
35.08066913872014,49.130750222242085,34.703007080621276,48.803074513846525,35.458331196819,49.458425930637645,1
34.84509717186304,49.412397052303675,34.45516290755428,49.09942537703898,35.235031436171795,49.725368727568366,1
34.64698948524313,49.67070948073386,34.242946089434355,49.37617776036522,35.05103288105191,49.9652412011025,1
34.48145144021325,49.910681619023904,34.06205068538589,49.63846294433342,34.900852195040606,50.18290029371439,1
34.33467070780483,50.153116402431394,33.89864098353557,49.90841642377657,34.770700432074094,50.397816381086216,1
34.22102790404563,50.3709848198945,33.77075984977225,50.1535942053297,34.67129595831901,50.5883754344593,1
34.124921208888765,50.585852003940715,33.66290834072336,50.39468686682211,34.58693407705417,50.77701714105932,1
34.0414559836871,50.80271206606132,33.57084241905094,50.6338249061573,34.51206954832326,50.971599225965335,1
33.96049624532639,51.04294750299466,33.48425938843382,50.890637108940005,34.43673310221896,51.19525789704931,1
33.96049624532639,51.04294750299466,33.47752372701342,50.91357383274282,34.44346876363936,51.172321173246495,0
33.895526130485955,51.285491290447595,33.412553612172985,51.15611762019576,34.378498648798924,51.41486496069943,0
33.895526130485955,51.285491290447595,33.41146300424392,51.1602599452788,34.37958925672799,51.41072263561639,0
33.83251535746975,51.52905005548393,33.34845223122772,51.403818710315136,34.31657848371179,51.65428140065272,0
33.83251535746975,51.52905005548393,33.34739961013112,51.4079603710179,34.317631104808385,51.65013973994996,0
33.771488919302605,51.77353732365562,33.28637317196397,51.65244763918959,34.25660466664124,51.894627008121645,0
33.771488919302605,51.77353732365562,33.27957195359962,51.683995719618316,34.26340588500559,51.86307892769292,1
33.645879467653494,52.49900871047273,33.15240107677449,52.4185159919482,34.1393578585325,52.57950142899726,1
33.535254007603804,53.225972415040786,33.04014043895015,53.15624039846993,34.03036757625746,53.29570443161164,1
33.44080114178204,53.95963956278983,32.944152620585086,53.901844698027645,33.93744966297899,54.01743442755202,1
33.36370947281671,54.70522127915,32.865735176465165,54.66025907087258,33.86168376916825,54.75018348742743,1
33.30172725939256,55.523200794838026,32.80266296495495,55.49262580477272,33.800791553830166,55.55377578490333,1
33.26437916013429,56.31003991712551,32.76466455579907,56.293148670454656,33.76409376446951,56.32693116379636,1
33.248042965805695,57.124799207559306,32.74805366551535,57.12152818399246,33.74803226609604,57.12807023112615,1
33.25390727903532,57.97268979156953,32.7540076859324,57.98270961270264,33.753806872138234,57.962669970436416,1
33.283160702451625,58.858922794586206,32.78367921580428,58.88168777858691,33.78264218909897,58.836157810585505,1
33.34180879795338,59.8569269411868,32.843080105230456,59.89255966568108,33.8405374906763,59.82129421669252,1
33.423292182975146,60.83916075452124,32.92548679317431,60.88595598809515,33.921097572775984,60.79236552094733,1
33.53181538625688,61.87574258639738,33.035084340522275,61.93282382853004,34.02854643199149,61.81866134426472,1
33.668567010427076,62.971883562245296,33.173005496074275,63.038357508211824,34.164128524779876,62.90540961627877,1
33.847761903051016,64.2183331781036,33.35346068349744,64.29360803677397,34.34206312260459,64.14305831943324,1
33.847761903051016,64.2183331781036,33.3576260537879,64.31716054914585,34.337897752314134,64.11950580706136,0
33.939602706148385,64.67381903741979,33.449466856885266,64.77264640846204,34.429738555411504,64.57499166637754,0
33.939602706148385,64.67381903741979,33.450425241612386,64.77728597991897,34.428780170684384,64.57035209492061,0
34.516136431375216,67.399591145049,34.02695896683922,67.50305808754818,35.005313895911215,67.29612420254982,0
34.516136431375216,67.399591145049,34.027359046400015,67.50493186811849,35.00491381635042,67.29425042197951,0
34.613763626518434,67.85257802186293,34.12498624154323,67.95791874493241,35.102541011493635,67.74723729879344,0
34.613763626518434,67.85257802186293,34.129126843634396,67.97557065853607,35.09840040940247,67.72958538518978,0
35.21234771806951,70.21122221603373,34.72771093518547,70.33421485270688,35.69698450095355,70.08822957936059,0
35.21234771806951,70.21122221603373,34.73116273469231,70.3470935219533,35.693532701446706,70.07535091011417,0
35.322781935318645,70.60232235768362,34.84159695194145,70.73819366360318,35.80396691869584,70.46645105176405,0
35.322781935318645,70.60232235768362,34.841933458492676,70.73937979941572,35.803630412144614,70.46526491595152,0
35.6569310596024,71.77464175467512,35.17608258277643,71.91169919640721,36.13777953642837,71.63758431294302,0
35.6569310596024,71.77464175467512,35.17555085628622,71.90981978489926,36.13831126291858,71.63946372445098,0
35.76668870815833,72.16549786561083,35.28530850484215,72.30067589583497,36.248068911474505,72.03031983538669,0
35.76668870815833,72.16549786561083,35.27359038364748,72.24828700961288,36.25978703266917,72.08270872160878,1
35.938842106710815,73.24010327624914,35.44445480116223,73.31481065280869,36.4332294122594,73.1653958996896,1
36.07791559279149,74.22663781394112,35.58207387228935,74.29098832450222,36.57375731329363,74.16228730338003,1
36.18363218804377,75.12793999427326,35.68628734957248,75.17939980039385,36.68097702651505,75.07648018815267,1
36.255714914111074,75.94684833283223,35.75696537325618,75.98218804840874,36.75446445496597,75.91150861725572,1
36.29530842830311,76.73604306297257,35.7954889296427,76.74947692908987,36.79512792696352,76.72260919685527,1
36.296839894704924,77.393308109227,35.79699943294638,77.38067827197521,36.79668035646347,77.40593794647877,1
36.26388677268366,77.97689761158125,35.76598111179879,77.93118160936329,36.76179243356854,78.02261361379921,1
36.19617208388276,78.48965008562197,35.70391923883661,78.40197376872865,36.6884249289289,78.5773264025153,1
36.093418849945586,78.9344040469357,35.6135082290305,78.79409796747763,36.57332947086067,79.07471012639377,1
35.944129360972624,79.33869349567834,35.490056780473864,79.1293657821782,36.398201941471385,79.54802120917849,1
35.76791518147091,79.65162306056897,35.35567316810805,79.36868044727339,36.180157194833775,79.93456567386454,1
35.555811737594865,79.90527241060568,35.206307391714944,79.547715824579,35.90531608347479,80.26282899663235,1
35.307542050987884,80.10248006137502,35.03867736833333,79.68092130814948,35.576406733642436,80.52403881460056,1
35.001090677895,80.25436584538886,34.82309307466014,79.78712195485348,35.17908828112986,80.72160973592425,1
35.001090677895,80.25436584538886,34.909026022586424,79.76291483130616,35.093155333203576,80.74581685947156,0
34.84978038992461,80.28271115165023,34.757715734616035,79.79126013756753,34.94184504523319,80.77416216573293,0
34.84978038992461,80.28271115165023,34.75758745565301,79.79128418569253,34.94197332419621,80.77413811760793,0
34.69850719870013,80.311090382628,34.606314264428526,79.8196634166703,34.79070013297173,80.8025173485857,0
34.69850719870013,80.311090382628,34.54844351391733,79.83414081452943,34.84857088348293,80.78803995072656,1
34.410790095465444,80.40900742465263,34.236785366451066,79.94026191344145,34.58479482447982,80.87775293586381,1
34.151021869172304,80.51458330838156,33.94732563765174,80.05795671556822,34.35471810069287,80.9712099011949,1
33.918394345394994,80.62889872801298,33.679874764286524,80.18945770873071,34.156913926503464,81.06833974729525,1
33.71209934970786,80.75303437774515,33.43404399194888,80.3374802681258,33.99015470746684,81.1685884873645,1
33.51937186317077,80.89816210188222,33.19532350288468,80.51738308434594,33.84342022345685,81.2789411194185,1
33.36505191671924,81.04607747739742,32.99744194564805,80.70716316791929,33.73266188779043,81.38499178687555,1
33.234582248336054,81.20713235805064,32.82636915325331,80.91840745610597,33.6427953434188,81.49585725999532,1
33.127154683595556,81.38240743804016,32.68468989719809,81.14954500483496,33.56961946999302,81.61526987124536,1
33.04196104807202,81.57298341156414,32.573700720325895,81.39767720671362,33.51022137581814,81.74828961641465,1
32.97443682877696,81.79537905556408,32.48815786352922,81.67904862980372,33.4607157940247,81.91170948132445,1
32.93272828768029,82.02108755769814,32.437221896808836,81.95420395278973,33.428234678551746,82.08797116260655,1
32.910771425778805,82.26541622840399,32.411361511224825,82.24113172212554,33.410181340332784,82.28970073468244,1
32.9077580686468,82.52944576187986,32.40788531756635,82.54072551042567,33.40763081972725,82.51816601333404,1
32.92463278376446,82.83542426760751,32.4263381355588,82.87668494585694,33.422927431970116,82.79416358935808,1
32.92463278376446,82.83542426760751,32.43261352128966,82.92440204772006,33.41665204623926,82.74644648749495,0
32.94882832276789,82.96921802196492,32.45680906029309,83.05819580207748,33.440847585242686,82.88024024185236,0
32.94882832276789,82.96921802196492,32.45686912010486,83.05852727632953,33.44078752543091,82.87990876760031,0
32.97316906618723,83.10329878223999,32.48120986352421,83.1926080366046,33.46512826885026,83.01398952787538,0
32.97316906618723,83.10329878223999,32.47605733402296,83.04963384261792,33.4702807983515,83.15696372186206,1
32.78093551400602,84.39613399760646,32.290140032661576,84.30063637725976,33.27173099535046,84.49163161795315,1
32.481357068697605,85.63053851768959,32.00154566119064,85.48989352763951,32.96116847620457,85.77118350773966,1
32.073940695139115,86.80798132973926,31.60994200707739,86.62168796572166,32.53793938320084,86.99427469375686,1
31.55819335820772,87.92993142100563,31.114723723436644,87.69898839115626,32.001662992978794,88.160874450855,1
30.88483257429943,89.0721098106884,30.4679171625981,88.79609977557028,31.301747986000763,89.34811984580652,1
30.143116979569538,90.08378372293596,29.75418889105879,89.76956255565506,30.532045068080286,90.39800489021687,1
29.29155609930365,91.04447680381081,28.932473413695234,90.69654056698538,29.65063878491207,91.39241304063624,1
28.329656898378943,91.955658040563,28.00106875310654,91.57878958766936,28.658245043651345,92.33252649345663,1
27.25692634167254,92.81879642044241,26.958435929519492,92.41766866790876,27.555416753825586,93.21992417297606,1
25.984023152143532,93.69194361629519,25.716440896148995,93.26956968684775,26.25160540813807,94.11431754574264,1
24.680144953363303,94.46023767811366,24.43960590192987,94.02189880836161,24.920684004796737,94.8985765478657,1
23.263921076638326,95.18500077247009,23.04838783956526,94.73384068589681,23.47945431371139,95.63616085904337,1
21.734858486845734,95.8677018866145,21.54218517750175,95.40631593552102,21.92753179618972,96.32908783770797,1
19.97080056691986,96.55416038282104,19.799557128505526,96.08439907662391,20.142044005334192,97.02392168901817,1
19.97080056691986,96.55416038282104,19.898488644777355,96.05941702923651,20.043112489062363,97.04890373640556,0
18.754305932205543,96.73196381297305,18.68199401006304,96.23722045938852,18.826617854348047,97.22670716655757,0
18.754305932205543,96.73196381297305,18.681633448350873,96.23727329346576,18.826978416060214,97.22665433248034,0
-27.299135991091475,103.49744219318595,-27.371808474946146,103.00275167367866,-27.226463507236804,103.99213271269323,0
-27.299135991091475,103.49744219318595,-27.36080597134786,103.0012599549557,-27.23746601083509,103.9936244314162,0
-27.869646955863253,103.56835041444558,-27.93131693611964,103.07216817621533,-27.807976975606866,104.06453265267582,0
-27.869646955863253,103.56835041444558,-27.74408619891892,103.08437262950544,-27.995207712807584,104.05232819938571,1
-29.458549973370836,103.07679432724042,-29.286260621221103,102.60741561113174,-29.63083932552057,103.5461730433491,1
-30.88325118372478,102.46738474004233,-30.661782360107285,102.01910853036188,-31.104720007342276,102.91566094972279,1
-32.138754396494605,101.75764387176372,-31.867765573542417,101.33744742028539,-32.409743219446796,102.17784032324205,1
-33.22006342124986,100.96509394131698,-32.89974750348358,100.58116984357689,-33.54037933901614,101.34901803905707,1
-34.17963033327939,100.04394785080831,-33.807669423614975,99.70981452160929,-34.55159124294381,100.37808118000733,1
-34.88421504646669,99.13560518695152,-34.46683835194965,98.8602931914373,-35.30159174098374,99.41091718246575,1
-35.39926012960293,98.19827170472891,-34.94202722337369,97.99594012177369,-35.856493035832166,98.40060328768413,1
-35.71976939225769,97.24946962305297,-35.23287297408774,97.13575120777526,-36.20666581042764,97.36318803833069,1
-35.84074664400046,96.30672116083605,-35.34085607706362,96.29626070732942,-36.3406372109373,96.31718161434267,1
-35.743269429434044,95.32325844574652,-35.25549828712867,95.43316437249348,-36.23104057173942,95.21335251899956,1
-35.43503687932138,94.4487899477757,-34.985957626422845,94.6686258516133,-35.884116132219916,94.22895404393809,1
-34.91192687626029,93.63419331306625,-34.52373312244654,93.9493212386774,-35.30012063007404,93.3190653874551,1
-34.16894322982029,92.89699076053057,-33.854113840987175,93.28542667020804,-34.48377261865341,92.5085548508531,1
-33.12322063933583,92.21292188051,-32.88681528574871,92.6535038919396,-33.35962599292294,91.7723398690804,1
-33.12322063933583,92.21292188051,-33.11049761412147,92.71275997892727,-33.13594366455018,91.71308378209272,0
-32.99225720708497,92.20958829898437,-32.97953418187061,92.70942639740164,-33.004980232299324,91.7097502005671,0
-32.99225720708497,92.20958829898437,-32.98048948422622,92.70944980050126,-33.00402492994372,91.70972679746748,0
-32.730362487284374,92.20342278219336,-32.718594764425625,92.70328428371025,-32.742130210143124,91.70356128067647,0
-32.730362487284374,92.20342278219336,-32.71836441066522,92.70327880762213,-32.74236056390353,91.70356675676459,0
-32.599498420701366,92.20028164351005,-32.58750034408221,92.70013766893882,-32.61149649732052,91.70042561808128,0
-32.599498420701366,92.20028164351005,-32.584815473853666,92.70006600808328,-32.614181367549065,91.70049727893682,0
-32.20764272002205,92.18876948580188,-32.19295977317435,92.68855385037511,-32.22232566686975,91.68898512122865,0
-32.20764272002205,92.18876948580188,-32.19546988323772,92.68862128588329,-32.21981555680638,91.68891768572048,0
-25.355729157482312,92.02190557645204,-25.34355632069798,92.52175737653344,-25.367901994266642,91.52205377637064,0
-25.355729157482312,92.02190557645204,-25.33953080972063,92.52164312109902,-25.371927505243992,91.52216803180507,0
-24.829515297871016,92.00484903309983,-24.813316950109336,92.5045865777468,-24.845713645632696,91.50511148845285,0
-24.829515297871016,92.00484903309983,-24.81117900267,92.50451270025835,-24.847851593072033,91.50518536594132,0
-24.303675102566736,91.98555213063644,-24.28533880736572,92.48521579779495,-24.322011397767753,91.48588846347792,0
-24.303675102566736,91.98555213063644,-24.28288603358908,92.48511975830164,-24.324464171544392,91.48598450297123,0
-23.778258835447154,91.96368739318301,-23.757469766469498,92.46325502084821,-23.79904790442481,91.46411976551781,0
-23.778258835447154,91.96368739318301,-23.754701425045397,92.46313213328462,-23.80181624584891,91.4642426530814,0
-23.25331676038995,91.93892734486063,-23.229759349988193,92.43837208496224,-23.276874170791707,91.43948260475902,0
-23.25331676038995,91.93892734486063,-23.017127140243034,92.37962504548415,-23.489506380536866,91.49822964423711,1
-22.30810500089492,91.40566480181016,-22.05309023471497,91.83574324701543,-22.56311976707487,90.9755863566049,1
-21.393230669715695,90.841386516975,-21.124227030331244,91.26285661318342,-21.662234309100146,90.4199164207666,1
-20.501385401289934,90.25803045904303,-20.223908070315613,90.6739707561956,-20.778862732264255,89.84209016189045,1
-19.625260830055336,89.66753459670227,-19.34475764370574,90.08144033772035,-19.90576401640493,89.25362885568418,1
-18.695697948815074,89.04050036845068,-18.418073797434094,89.4563426830003,-18.973322100196054,88.62465805390106,1
-17.828888873149296,88.47319105145131,-17.559916013447427,88.89468079123604,-18.097861732851165,88.05170131166658,1
-16.955353371876065,87.93540854815592,-16.70119961478936,88.36599636470292,-17.20950712896277,87.50482073160892,1
-16.067783079433063,87.43909082725251,-15.835112800670053,87.88165668831768,-16.300453358196073,86.99652496618735,1
-15.158869630257946,86.99617585742891,-14.95479460118085,87.45263328425773,-15.362944659335042,86.53971843060009,1
-14.153046276590054,86.59444771717429,-13.98767692969533,87.06630890344374,-14.318415623484778,86.12258653090484,1
-13.176673196999879,86.3001288719187,-13.054490456229772,86.78497047271004,-13.298855937769986,85.81528727112736,1
-12.156509837879,86.09587939585583,-12.083011054202025,86.59044782266653,-12.230008621555974,85.60131096904513,1
-11.085247833665086,85.99363725767357,-11.063776261529396,86.4931760165202,-11.106719405800776,85.49409849882694,1
-9.872460116340825,86.01085193514268,-9.905541914052714,86.509756329451,-9.839378318628937,85.51194754083437,1
-9.872460116340825,86.01085193514268,-10.017978434941176,86.48920788937731,-9.726941797740475,85.53249598090805,0
-9.638187966054275,86.08211871692474,-9.783706284654626,86.56047467115937,-9.492669647453924,85.60376276269011,0
-9.638187966054275,86.08211871692474,-9.784114481284087,86.56035030533445,-9.492261450824463,85.60388712851503,0
-9.169694821857394,86.22507366511009,-9.315621337087206,86.7033052535198,-9.023768306627582,85.74684207670037,0
-9.169694821857394,86.22507366511009,-9.314818463106652,86.70354950436486,-9.024571180608136,85.74659782585532,0
-8.935347061922553,86.29615228068516,-9.08047070317181,86.77462811993993,-8.790223420673295,85.8176764414304,0
-8.935347061922553,86.29615228068516,-9.027330286175793,86.78761854245292,-8.843363837669312,85.80468601891741,1
-8.12116923955874,86.42611162229433,-8.185049879839935,86.92201409637292,-8.057288599277543,85.93020914821574,1
-7.340787660463959,86.5017217552906,-7.372568129327381,87.00071073492725,-7.309007191600537,86.00273277565395,1
-6.593005158758933,86.52362903145189,-6.589775097978234,87.02361859805039,-6.596235219539632,86.02363946485339,1
-5.87662456856439,86.49247980255619,-5.83578082151278,86.99080879862885,-5.9174683156159995,85.99415080648353,1
-5.142560326854773,86.40096347996713,-5.0591595531999225,86.89395872431922,-5.225961100509624,85.90796823561504,1
-4.48741822210679,86.26196761474685,-4.3630470423149195,86.74625245824,-4.61178940189866,85.77768277125371,1
-3.8600010193829353,86.07190046778743,-3.6944817668150334,86.5437090910971,-4.025520271950837,85.60009184447776,1
-3.259111552803934,85.83140839086686,-3.0533641774765123,86.28711445572213,-3.4648589281313558,85.37570232601158,1
-2.6835526564905083,85.54113773576302,-2.439546234312396,85.97755595941533,-2.9275590786686205,85.1047195121107,1
-2.093631470874093,85.17562880904816,-1.8117995330864918,85.58863093839241,-2.3754634086616937,84.76262667970391,1
-1.5667347102856366,84.78430150900112,-1.2531761635241851,85.17376400752036,-1.880293257047088,84.39483901048189,1
-1.061491510476405,84.34518085408877,-0.7199489653943869,84.71035025299686,-1.4030340555584233,83.98001145518067,1
-0.5767047055671212,83.858913196089,-0.2109296122067414,84.19980699344708,-0.9424797989275009,83.51801939873093,1
-0.07863048960808228,83.28632772332924,0.3084960203582901,83.60276581408516,-0.46575699957445466,82.96988963257331,1
-0.07863048960808228,83.28632772332924,0.3498270446306652,83.54405653691835,-0.5070880238468298,83.02859890974013,0
0.027011235908088307,83.11070516643676,0.4554687701468358,83.36843398002587,-0.4014462983306592,82.85297635284765,0
0.027011235908088307,83.11070516643676,0.45549554115090657,83.3683894697239,-0.40147306933473,82.85302086314962,0
0.13263090507984238,82.93507797460659,0.5611152103226607,83.19276227789372,-0.2958534001629759,82.67739367131945,0
0.13263090507984238,82.93507797460659,0.5606383885307189,83.19355349396973,-0.2953765783710342,82.67660245524344,0
0.23854426724044414,82.75969691061309,0.6665517506913208,83.01817242997623,-0.18946321621043244,82.50122139124994,0
0.23854426724044414,82.75969691061309,0.5753308957756774,83.12925714499967,-0.09824236129478914,82.3901366762265,1
1.0454908784772796,82.06850222258745,1.3574411336142325,82.45925411102817,0.7335406233403268,81.67775033414674,1
1.853406873958794,81.4694989298567,2.1359962217008253,81.88198318475952,1.5708175262167627,81.05701467495388,1
2.66000917910968,80.96149628265115,2.9092125030145914,81.39496796956362,2.4108058552047686,80.52802459573869,1
3.4630147193546303,80.54330353120132,3.6745248953360563,80.99636362153846,3.2515045433732044,80.09024344086417,1
4.31679265455618,80.19354853153183,4.482989216738289,80.66511899574566,4.150596092374071,79.721978067318,1
5.1050850134260575,79.95760264332421,5.224503074535635,80.44313258748917,4.98566695231648,79.47207269915924,1
5.882768306908695,79.80780934800855,5.951518531760499,80.30306020018634,5.814018082056892,79.31255849583076,1
6.6475594604287895,79.74297789581532,6.662566553683707,80.24275263222367,6.632552367173872,79.24320315940696,1
7.397175399411028,79.76191753697486,7.356550627017533,80.26026443208707,7.437800171804522,79.26357064186266,1
8.18090165573446,79.87381745018978,8.080250983217953,80.36358213054349,8.281552328250966,79.38405276983606,1
8.891820481961226,80.06249500675702,8.736439299584681,80.53773882645726,9.04720166433777,79.58725118705678,1
9.580551793168834,80.33128635381337,9.373215862892492,80.78627186129295,9.787887723445175,79.87630084633379,1
10.244812514781978,80.6790007415892,9.98949877888715,81.10890177236655,10.500126250676807,80.24909971081186,1
10.926771731705806,81.1377794575678,10.62681252368416,81.53781004830185,11.226730939727451,80.73774886683375,1
10.926771731705806,81.1377794575678,10.53823595014597,81.4524855846891,11.315307513265642,80.8230733304465,0
10.996455214513718,81.2238105962121,10.607919432953882,81.5385167233334,11.384990996073554,80.9091044690908,0
10.996455214513718,81.2238105962121,10.607535695535358,81.53804237015872,11.385374733492078,80.90957882226549,0
11.204897722361977,81.4817964735434,10.815978203383617,81.79602824749001,11.593817241340338,81.16756469959678,0
11.204897722361977,81.4817964735434,10.81659534264859,81.79679054000961,11.593200102075365,81.16680240707718,0
11.274393352429549,81.56746576515151,10.886090972716161,81.88245983161772,11.662695732142936,81.2524716986853,0
11.274393352429549,81.56746576515151,10.878547011681844,81.87292554076305,11.670239693177253,81.26200598953997,0
11.870229534923649,82.33961185886605,11.474383194175944,82.64507163447759,12.266075875671353,82.03415208325451,0
11.870229534923649,82.33961185886605,11.469241590219818,82.6382900606187,12.271217479627479,82.0409336571134,0
11.953516700407812,82.45142835271035,11.552528755703982,82.750106554463,12.354504645111643,82.1527501509577,0
11.953516700407812,82.45142835271035,11.552268047162928,82.74975622313008,12.354765353652697,82.15310048229063,0
12.036708155099541,82.56332020884024,11.635459501854656,82.86164807925996,12.437956808344426,82.26499233842051,0
12.036708155099541,82.56332020884024,11.635534928011213,82.8617495000761,12.43788138218787,82.26489091760438,0
12.119924686164506,82.67518672226517,11.718751459076177,82.97361601350103,12.521097913252834,82.3767574310293,0
12.119924686164506,82.67518672226517,11.72539405313265,82.98234397775408,12.514455319196362,82.36802946677625,0
12.889931784881362,83.66422859793965,12.495401151849507,83.97138585342857,13.284462417913218,83.35707134245074,0
12.889931784881362,83.66422859793965,12.505600482359494,83.98405581676545,13.27426308740323,83.34440137911386,0
12.970285263783792,83.76078810066777,12.585953961261923,84.08061531949356,13.35461656630566,83.44096088184197,0
12.970285263783792,83.76078810066777,12.583766122227257,84.07796778666673,13.356804405340327,83.4436084146688,0
13.05028314294821,83.85827451907943,12.663764001391675,84.1754542050784,13.436802284504745,83.54109483308046,0
13.05028314294821,83.85827451907943,12.66229808487488,84.17365935497335,13.43826820102154,83.5428896831855,0
13.130079839184225,83.95644006890822,12.742094781110895,84.27182490480214,13.518064897257554,83.6410552330143,0
13.130079839184225,83.95644006890822,12.741329007021756,84.27088050920334,13.518830671346693,83.6419996286131,0
13.209829769301441,84.05503696588772,12.821078937138973,84.36947740618284,13.59858060146391,83.74059652559261,0
13.209829769301441,84.05503696588772,12.821000376603223,84.36938025494275,13.59865916199966,83.74069367683269,0
13.289687350109457,84.15381742575144,12.900857957411239,84.46816071480647,13.678516742807675,83.83947413669641,0
13.289687350109457,84.15381742575144,12.901462385177359,84.46890689971633,13.677912315041555,83.83872795178655,0
13.369806998417872,84.25253366423287,12.981582033485774,84.56762313819776,13.75803196334997,83.93744419026798,0
13.369806998417872,84.25253366423287,13.174976782724755,84.71301296567103,13.564637214110988,83.79205436279472,1
14.55975587817604,84.65384586832002,14.43841982454615,85.1389000530144,14.681091931805929,84.16879168362564,1
15.794033206929106,84.86298895351142,15.747863170348875,85.36085271773028,15.840203243509336,84.36512518929256,1
17.06107719428858,84.88924190981089,17.08531133510193,85.38865427091045,17.036843053475227,84.38982954871133,1
18.349326049865994,84.74188372722232,18.437153256568102,85.23410967306721,18.261498843163885,84.24965778137742,1
19.739988067936366,84.40188674348046,19.887774117235722,84.87954696124251,19.59220201863701,83.92422652571841,1
21.035381822438584,83.92442309088595,21.231929916095126,84.38417176883944,20.838833728782042,83.46467441293247,1
22.316469231822673,83.30184805441512,22.55569921780335,83.74090273643968,22.077239245841994,82.86279337239056,1
23.571688505700166,82.54344062407188,23.848481660008066,82.95983652910492,23.294895351392267,82.12704471903884,1
24.789477853682563,81.65847978985998,25.099613087793323,82.05067379359164,24.479342619571803,81.26628578612832,1
26.039580870148164,80.58041393124996,26.38161700221931,80.9451210525923,25.697544738077017,80.21570680990763,1
27.143057329249828,79.46282436385813,27.511930865995076,79.8003629748185,26.77418379250458,79.12528575289777,1
28.173592649120344,78.24718114760947,28.56690806011116,78.55589296707403,27.78027723812953,77.9384693281449,1
29.119625039371233,76.94276327250779,29.53525334037353,77.22070771912608,28.703996738368936,76.6648188258895,1
30.026323262807736,75.45720199784692,30.46292771436544,75.70087504288884,29.589718811250034,75.213528952805,1
30.026323262807736,75.45720199784692,30.51792668707486,75.54844931697927,29.534719838540614,75.36595467871457,0
30.04748617779994,75.3431848236815,30.53908960206706,75.43443214281385,29.555882753532817,75.25193750454915,0
30.04748617779994,75.3431848236815,30.539062965341394,75.43457553409795,29.555909390258485,75.25179411326505,0
30.110880982419175,75.00219377262675,30.60245776996063,75.0935844830432,29.61930419487772,74.9108030622103,0
30.110880982419175,75.00219377262675,30.60706343501658,75.06386202811062,29.61469852982177,74.94052551714289,1
30.1763490701517,74.42121899153717,30.673861693824453,74.47103052921928,29.67883644647895,74.37140745385507,1
30.22780144038782,73.83129375810867,30.726428702360156,73.86831879852694,29.729174178415487,73.7942687176904,1
30.264367012707538,73.23173973254423,30.76379947800676,73.25555595821378,29.764934547408316,73.20792350687468,1
30.28517470669086,72.62187857504695,30.78506925722122,72.63214689282786,29.7852801561605,72.61161025726604,1
30.288992595745974,71.95624747297168,30.788972113505427,71.95172178837988,29.78901307798652,71.96077315756348,1
30.274387956839234,71.32287794594313,30.774045563023,71.30437722750551,29.774730350655467,71.34137866438076,1
30.24134997830607,70.6771178147482,30.74028942843845,70.6445690036855,29.742410528173686,70.7096666258109,1
30.189007579726493,70.01828873959,30.686832566254704,69.97170244559501,29.69118259319828,70.064875033585,1
30.1164896806805,69.34571238067156,30.612811799073253,69.28517846625881,29.620167562287744,69.4062462950843,1
30.015413654687478,68.60906890451007,30.509711829184344,68.53377405283304,29.521115480190613,68.6843637561871,1
29.89833263405353,67.90585814727503,30.39037842839636,67.81702720520227,29.406286839710702,67.99468908934779,1
29.758400651663152,67.18681663404625,30.24787042547347,67.08474146308838,29.268930877852835,67.28889180500413,1
29.594746627096338,66.4512660250268,30.08134712008778,66.33628793919961,29.108146134104896,66.56624411085399,1
29.39208917670894,65.64408537214167,29.875443932862282,65.5161471850983,28.908734420555597,65.77202355918504,1
29.39208917670894,65.64408537214167,29.859655051403266,65.46693528656074,28.924523302014613,65.82123545772261,0
29.32742572475675,65.47341413947683,29.794991599451077,65.2962640538959,28.859859850062424,65.65056422505776,0
29.32742572475675,65.47341413947683,29.794214812900307,65.29422723373283,28.860636636613194,65.65260104522083,0
27.00446829662921,59.422016716379844,27.471257384772763,59.24282981063585,26.537679208485656,59.60120362212384,0
27.00446829662921,59.422016716379844,27.471780859734043,59.244199483344374,26.537155733524376,59.59983394941531,0
26.83056567141402,58.964991938001035,27.297878234518855,58.787174704965565,26.363253108309188,59.142809171036504,0
26.83056567141402,58.964991938001035,27.303853854282973,58.803752067135896,26.35727748854507,59.12623180886617,1
26.60343624478676,58.28362153455129,27.079114402900313,58.12957514577927,26.127758086673207,58.4376679233233,1
26.412569702583593,57.671294294835626,26.89182164042425,57.52875454572692,25.933317764742934,57.81383404394433,1
26.257690893973518,57.118197457574944,26.741597883226575,56.99236413229089,25.77378390472046,57.244030782859,1
26.138524668125555,56.614518261490204,26.627824981057902,56.5116338420463,25.64922435519321,56.71740268093411,1
26.050164000414917,56.118552006972706,26.545145638550927,56.047889584793786,25.555182362278906,56.189214429151626,1
26.004098550374586,55.686022329560984,26.50295133379712,55.65217117785842,25.50524576695205,55.71987348126355,1
25.992900576972595,55.272771097967954,26.492843588748634,55.28031993736902,25.492957565196555,55.26522225856689,1
26.016294929377988,54.86898555091459,26.513768593912925,54.91918468531131,25.51882126484305,54.81878641651787,1
26.07400645675975,54.46485292712176,26.56579813832565,54.55508009566087,25.58221477519385,54.37462575858265,1
26.17360919203302,54.020320111556856,26.657289948041292,54.147020254679376,25.689928436024747,53.893619968434336,1
26.30153100766625,53.58425294789805,26.77749517002677,53.73741337408068,25.825566845305726,53.43109252171542,1
26.462924892152095,53.11769951214261,26.932307721840434,53.28997765699496,25.993542062463757,52.94542136729026,1
26.657515694659576,52.61084704301141,27.122060076185228,52.79577545508741,26.192971313133924,52.42591863093541,1
26.902531653855007,52.011922808622785,27.363991720311766,52.20441854121373,26.44107158739825,51.81942707603184,1
26.902531653855007,52.011922808622785,27.360322891341646,52.212987929617086,26.44474041636837,51.810857687628484,0
27.119250247486896,51.518491264282886,27.577041484973535,51.71955638527719,26.661459010000257,51.317426143288586,0
27.119250247486896,51.518491264282886,27.573878327929968,51.72660976051195,26.664622167043824,51.310372768053824,0
28.690462958492898,48.08622824242147,29.14509103893597,48.29434673865053,28.235834878049825,47.87810974619241,0
28.690462958492898,48.08622824242147,29.141570998265802,48.30187039148386,28.239354918719993,47.87058609335908,0
28.922543318252192,47.60073263492539,29.373651358025096,47.81637478398778,28.471435278479287,47.385090485863,0
28.922543318252192,47.60073263492539,29.357866446357725,47.84668745625731,28.487220190146658,47.35477781359348,1
29.25212783025985,47.032997729047565,29.68087824895878,47.290239013575324,28.823377411560923,46.77575644451981,1
29.5620650325032,46.53580027273849,29.98112585511254,46.80854195813693,29.143004209893856,46.263058587340055,1
29.856262503223512,46.105565342177165,30.261492705210948,46.39846205331818,29.451032301236076,45.81266863103615,1
30.13862782066212,45.73871801354264,30.524163722128673,46.05709211531659,29.753091919195565,45.42034391176868,1
30.43247148017157,45.411946612912026,30.787838896384955,45.76367662228544,30.07710406395819,45.06021660353861,1
30.70275782210546,45.165029903562655,31.01889258172176,45.55240415898284,30.38662306248916,44.77765564814247,1
30.97321385821305,44.97052067297561,31.237759715668112,45.39480299561393,30.70866800075799,44.54623835033729,1
31.247747166735667,44.82484399732993,31.44937695848849,45.28238681180494,31.046117374982845,44.367301182854916,1
31.530265325914588,44.72442495280461,31.662587171008024,45.20659808489626,31.39794348082115,44.242251820712966,1
31.846263552372964,44.66299371040125,31.905901871362556,45.159424240191775,31.786625233383372,44.16656318061073,1
32.15775224420452,44.64495034563353,32.158238211728346,45.14495010946904,32.15726627668069,44.14495058179802,1
32.489227634147824,44.66118448882172,32.442495233746236,45.15899578113308,32.53596003454941,44.163373196510356,1
32.84459730044416,44.708121216144846,32.76284542352962,45.20139257211532,32.926349177358695,44.214849860174375,1
33.25630530539078,44.78841951133763,33.149594882512936,45.276899690719794,33.36301572826863,44.299939331955464,1
33.25630530539078,44.78841951133763,33.10364667910603,45.264544855990536,33.40896393167554,44.31229416668472,0
33.51440297879845,44.87117258615751,33.361744352513696,45.34729793081042,33.667061605083205,44.39504724150461,0
33.51440297879845,44.87117258615751,33.35518541441659,45.34514491361167,33.67362054318031,44.39720025870336,0
48.543041677030814,49.9196176343319,48.38382411264895,50.393589961786056,48.702259241412676,49.44564530687774,0
48.543041677030814,49.9196176343319,48.372753623212496,50.38972610982109,48.71332973084913,49.44950915884271,0
49.267346161662296,50.18198346581671,49.09705810784398,50.6520919413059,49.437634215480614,49.711874990327516,0
