x_central,y_central,x_border1,y_border1,x_border2,y_border2,segment_type
2.387824458488130404e+03,2.499390950424058246e+03,2.387737111876747804e+03,2.499269005479595762e+03,2.387911805099513003e+03,2.499512895368520731e+03,1
2.387280668323302507e+03,2.499780455937469924e+03,2.387193321711919907e+03,2.499658510993007440e+03,2.387368014934685107e+03,2.499902400881932408e+03,1
2.386736878158475065e+03,2.500169961450881146e+03,2.386649477223917984e+03,2.500048055435284823e+03,2.386824279093032146e+03,2.500291867466477470e+03,1
2.386193435820313425e+03,2.500559950996655061e+03,2.386105848030029847e+03,2.500438179164964367e+03,2.386281023610597003e+03,2.500681722828345755e+03,1
2.385650842924830158e+03,2.500951122618979753e+03,2.385563122688523890e+03,2.500829446162167642e+03,2.385738563161136426e+03,2.501072799075791863e+03,1
2.385108250029346891e+03,2.501342294241304899e+03,2.385020393911353494e+03,2.501220715861108602e+03,2.385196106147340288e+03,2.501463872621501196e+03,1
2.384566533518462620e+03,2.501734676528756154e+03,2.384478441367780306e+03,2.501613269061983374e+03,2.384654625669144934e+03,2.501856083995528934e+03,1
2.384025464625358836e+03,2.502127953455687930e+03,2.383937272274494262e+03,2.502006618756409352e+03,2.384113656976223410e+03,2.502249288154966507e+03,1
2.383484395732255507e+03,2.502521230382619706e+03,2.383395896542137507e+03,2.502400119304065811e+03,2.383572894922373507e+03,2.502642341461173601e+03,1
2.382945326012368241e+03,2.502917240394641340e+03,2.382856461963169295e+03,2.502796396773544075e+03,2.383034190061567188e+03,2.503038084015738605e+03,1
2.382406639133509543e+03,2.503313773791578569e+03,2.382317695723398174e+03,2.503192988569809586e+03,2.382495582543620912e+03,2.503434559013347553e+03,1
2.381868089139303265e+03,2.503710492413262727e+03,2.381778918387685280e+03,2.503589874930882161e+03,2.381957259890921250e+03,2.503831109895643294e+03,1
2.381330899822758965e+03,2.504109052228763630e+03,2.381241522784132940e+03,2.503988587524528612e+03,2.381420276861384991e+03,2.504229516932998649e+03,1
2.380793710506214666e+03,2.504507612044264079e+03,2.380704261245139605e+03,2.504387200958009089e+03,2.380883159767289726e+03,2.504628023130519068e+03,1
2.380257000390006851e+03,2.504906815239762636e+03,2.380167327812358053e+03,2.504786570369527908e+03,2.380346672967655650e+03,2.505027060109997365e+03,1
2.379721294142584156e+03,2.505307366241275759e+03,2.379631470580494806e+03,2.505187234115291176e+03,2.379811117704673507e+03,2.505427498367260341e+03,1
2.379185587895161007e+03,2.505707917242789335e+03,2.379095670130100189e+03,2.505587855610589486e+03,2.379275505660221825e+03,2.505827978874989185e+03,1
2.378650511258340885e+03,2.506109307727932446e+03,2.378560417352776767e+03,2.505989378214550015e+03,2.378740605163905002e+03,2.506229237241314877e+03,1
2.378115983247929307e+03,2.506511429717416377e+03,2.378025807391787566e+03,2.506391561811081374e+03,2.378206159104071048e+03,2.506631297623751379e+03,1
2.377581455237517275e+03,2.506913551706900307e+03,2.377490892942435494e+03,2.506793975493925245e+03,2.377672017532599057e+03,2.507033127919875369e+03,1
2.377049538198782557e+03,2.507319113025212118e+03,2.376958454814736342e+03,2.507199933257001703e+03,2.377140621582828771e+03,2.507438292793422534e+03,1
2.376518541046409609e+03,2.507725886073130823e+03,2.376427322190413634e+03,2.507606809961710951e+03,2.376609759902405585e+03,2.507844962184550695e+03,1
2.375987543894036207e+03,2.508132659121049528e+03,2.375896287947512064e+03,2.508013611432184916e+03,2.376078799840560350e+03,2.508251706809914140e+03,1
2.375456800291316995e+03,2.508539762919401710e+03,2.375365504299882105e+03,2.508420745937638912e+03,2.375548096282751885e+03,2.508658779901164507e+03,1
2.374926076952649964e+03,2.508946893151803579e+03,2.374834757449893459e+03,2.508827894208882753e+03,2.375017396455406470e+03,2.509065892094724404e+03,1
2.374395494529449934e+03,2.509354206409967901e+03,2.374303965827534284e+03,2.509235368298548565e+03,2.374487023231365583e+03,2.509473044521387237e+03,1
2.373866206903100647e+03,2.509763201393965119e+03,2.373774489777939380e+03,2.509644508643756126e+03,2.373957924028261914e+03,2.509881894144174112e+03,1
2.373336919276751814e+03,2.510172196377962337e+03,2.373245160076834964e+03,2.510053536151978278e+03,2.373428678476668665e+03,2.510290856603946395e+03,1
2.372807922187759232e+03,2.510581566250081323e+03,2.372715994594600488e+03,2.510463036432668105e+03,2.372899849780917975e+03,2.510700096067494542e+03,1
2.372279798158556787e+03,2.510992062654597248e+03,2.372187744339843903e+03,2.510873630841048453e+03,2.372371851977269671e+03,2.511110494468146044e+03,1
2.371751674129354797e+03,2.511402559059113173e+03,2.371659422940885634e+03,2.511284280919856428e+03,2.371843925317823960e+03,2.511520837198369918e+03,1
2.371224926623242027e+03,2.511814811079848823e+03,2.371132176846862876e+03,2.511696923510607576e+03,2.371317676399621178e+03,2.511932698649090071e+03,1
2.370700287888037110e+03,2.512229752624965840e+03,2.370607237246544628e+03,2.512112102388596213e+03,2.370793338529529592e+03,2.512347402861335468e+03,1
2.370175649152832193e+03,2.512644694170082403e+03,2.370082580674051769e+03,2.512527058043584475e+03,2.370268717631612617e+03,2.512762330296580330e+03,1
2.369651136292388856e+03,2.513059794772083933e+03,2.369558033599376813e+03,2.512942185722458362e+03,2.369744238985400898e+03,2.513177403821709504e+03,1
2.369126739043560519e+03,2.513475041462332683e+03,2.369033619973272380e+03,2.513357445379283035e+03,2.369219858113848659e+03,2.513592637545382331e+03,1
2.368602341794732183e+03,2.513890288152581434e+03,2.368509016709154821e+03,2.513772855497829823e+03,2.368695666880309545e+03,2.514007720807333044e+03,1
2.368079405574818338e+03,2.514307369453259071e+03,2.367985755694573072e+03,2.514190195651025078e+03,2.368173055455063604e+03,2.514424543255493063e+03,1
2.367557315858143738e+03,2.514725513705980575e+03,2.367463547009470858e+03,2.514608435087016460e+03,2.367651084706816619e+03,2.514842592324944690e+03,1
2.367035226141469138e+03,2.515143657958701624e+03,2.366941433883367154e+03,2.515026598092307722e+03,2.367129018399571123e+03,2.515260717825095526e+03,1
2.366513303707933119e+03,2.515562010962220484e+03,2.366419479488815796e+03,2.515444976711220988e+03,2.366607127927050442e+03,2.515679045213219979e+03,1
2.365991442427078255e+03,2.515980440277500747e+03,2.365897609653126892e+03,2.515863412885269099e+03,2.366085275201029617e+03,2.516097467669732396e+03,1
2.365469581146223391e+03,2.516398869592781011e+03,2.365375358238695753e+03,2.516282156081579615e+03,2.365563804053751028e+03,2.516515583103982408e+03,1
2.364950527647437411e+03,2.516820771581191821e+03,2.364855828670275514e+03,2.516704444010408224e+03,2.365045226624599309e+03,2.516937099151975417e+03,1
2.364432102903163923e+03,2.517243451215036202e+03,2.364337316995274250e+03,2.517127194466133005e+03,2.364526888811053595e+03,2.517359707963939400e+03,1
2.363913678158890889e+03,2.517666130848880130e+03,2.363818892251001216e+03,2.517549874099976932e+03,2.364008464066780562e+03,2.517782387597783327e+03,1
2.363395253414617855e+03,2.518088810482724512e+03,2.363300467506728182e+03,2.517972553733821314e+03,2.363490039322507528e+03,2.518205067231627709e+03,1
2.362876828670344821e+03,2.518511490116568893e+03,2.362782042762455148e+03,2.518395233367665696e+03,2.362971614578234494e+03,2.518627746865472091e+03,1
2.362358403926071787e+03,2.518934169750412821e+03,2.362263295690023824e+03,2.518818176546147242e+03,2.362453512162119750e+03,2.519050162954678399e+03,1
2.361842334059144832e+03,2.519359720478817053e+03,2.361746886561738393e+03,2.519244006282458940e+03,2.361937781556551272e+03,2.519475434675175165e+03,1
2.361326393705529426e+03,2.519785429111396752e+03,2.361230928544673588e+03,2.519669729487098721e+03,2.361421858866385264e+03,2.519901128735694783e+03,1
2.360810453351914020e+03,2.520211137743975996e+03,2.360714961711677915e+03,2.520095459973229026e+03,2.360905944992150125e+03,2.520326815514722966e+03,1
2.360294707929564993e+03,2.520637082513075711e+03,2.360199189435578319e+03,2.520521426915257962e+03,2.360390226423551667e+03,2.520752738110893461e+03,1
2.359778965300809432e+03,2.521063030666288796e+03,2.359683443778055334e+03,2.520947377569958462e+03,2.359874486823563529e+03,2.521178683762619130e+03,1
2.359263242244495814e+03,2.521489002401366633e+03,2.359167440652809546e+03,2.521373581194344752e+03,2.359359043836182082e+03,2.521604423608388515e+03,1
2.358749570714932815e+03,2.521917445919298189e+03,2.358653492256036770e+03,2.521802255078793678e+03,2.358845649173828861e+03,2.522032636759802699e+03,1
2.358235899185369362e+03,2.522345889437229744e+03,2.358139809492718086e+03,2.522230707967512899e+03,2.358331988878020638e+03,2.522461070906946588e+03,1
2.357722311509680367e+03,2.522774432911638996e+03,2.357625895364458302e+03,2.522659524570164194e+03,2.357818727654902432e+03,2.522889341253113798e+03,1
2.357211079748136854e+03,2.523205784710442003e+03,2.357114349107255293e+03,2.523091140987915878e+03,2.357307810389018414e+03,2.523320428432968129e+03,1
2.356699847986593340e+03,2.523637136509244556e+03,2.356603121331794682e+03,2.523522489423579373e+03,2.356796574641391999e+03,2.523751783594909739e+03,1
2.356188586268892323e+03,2.524068452725307452e+03,2.356091985473586647e+03,2.523953699571336074e+03,2.356285187064197999e+03,2.524183205879278830e+03,1
2.355676409101808986e+03,2.524498681545657746e+03,2.355579930288845389e+03,2.524383825815939417e+03,2.355772887914772582e+03,2.524613537275376075e+03,1
2.355164231934725649e+03,2.524928910366007585e+03,2.355067746815147984e+03,2.524814059934140460e+03,2.355260717054303313e+03,2.525043760797874711e+03,1
2.354652102161530820e+03,2.525359195311346411e+03,2.354555319397369658e+03,2.525244595588129869e+03,2.354748884925691982e+03,2.525473795034562954e+03,1
2.354142164262886126e+03,2.525792075927529368e+03,2.354045090784707099e+03,2.525677722353758327e+03,2.354239237741065153e+03,2.525906429501300408e+03,1
2.353632226364240978e+03,2.526224956543712324e+03,2.353535152886061951e+03,2.526110602969941283e+03,2.353729299842420005e+03,2.526339310117483365e+03,1
2.353122288465596284e+03,2.526657837159895280e+03,2.353024921974960307e+03,2.526543732968468248e+03,2.353219654956232262e+03,2.526771941351322312e+03,1
2.352614578078037539e+03,2.527093328170468794e+03,2.352516918461273235e+03,2.526979474759217737e+03,2.352712237694801843e+03,2.527207181581719851e+03,1
2.352106873443849054e+03,2.527528825923350723e+03,2.352009213072765306e+03,2.527414973159133751e+03,2.352204533814932802e+03,2.527642678687567695e+03,1
2.351599168809660569e+03,2.527964323676232198e+03,2.351501368834766254e+03,2.527850590809783171e+03,2.351696968784554883e+03,2.528078056542681225e+03,1
2.351092534324136068e+03,2.528401065791557812e+03,2.350994589142870609e+03,2.528287457950864791e+03,2.351190479505401527e+03,2.528514673632250833e+03,1
2.350585943984745882e+03,2.528837859239743466e+03,2.350487993053990067e+03,2.528724256356135356e+03,2.350683894915501696e+03,2.528951462123351575e+03,1
2.350079353645355695e+03,2.529274652687928665e+03,2.349981252820601640e+03,2.529161179218859616e+03,2.350177454470109751e+03,2.529388126156997714e+03,1
2.349573918547077938e+03,2.529712782082251124e+03,2.349475654395381298e+03,2.529599450019306460e+03,2.349672182698774577e+03,2.529826114145195788e+03,1
2.349068588479965456e+03,2.530151032936914817e+03,2.348970310725806939e+03,2.530037712669364737e+03,2.349166866234123972e+03,2.530264353204464896e+03,1
2.348563258412853429e+03,2.530589283791578509e+03,2.348464859102027731e+03,2.530476069059193378e+03,2.348661657723679127e+03,2.530702498523963641e+03,1
2.348058870357328487e+03,2.531028618082437333e+03,2.347960328483035482e+03,2.530915527415223551e+03,2.348157412231621493e+03,2.531141708749651116e+03,1
2.347554646215948196e+03,2.531468140895941360e+03,2.347456083225019938e+03,2.531355068632236907e+03,2.347653209206876454e+03,2.531581213159645813e+03,1
2.347050422074567905e+03,2.531907663709445387e+03,2.346951748469668928e+03,2.531794687961179079e+03,2.347149095679466882e+03,2.532020639457711695e+03,1
2.346547059471915873e+03,2.532348172387723935e+03,2.346448244226739916e+03,2.532235320505503296e+03,2.346645874717091829e+03,2.532461024269944573e+03,1
2.346043939599853729e+03,2.532788958824308793e+03,2.345945093241449740e+03,2.532676134192998688e+03,2.346142785958257718e+03,2.532901783455618897e+03,1
2.345540819727791586e+03,2.533229745260894106e+03,2.345441862785710327e+03,2.533117017608501556e+03,2.345639776669872845e+03,2.533342472913286656e+03,1
2.345038565667584862e+03,2.533671517166239482e+03,2.344939451329662916e+03,2.533558927877147198e+03,2.345137680005506809e+03,2.533784106455331766e+03,1
2.344536679408168766e+03,2.534113707703169894e+03,2.344437518180262032e+03,2.534001159709495823e+03,2.344635840636075500e+03,2.534226255696843964e+03,1
2.344034793148752669e+03,2.534555898240100305e+03,2.343935473854608063e+03,2.534443489709238293e+03,2.344134112442897276e+03,2.534668306770962317e+03,1
2.343534153002129187e+03,2.534999496479569189e+03,2.343434571699299340e+03,2.534887319993054916e+03,2.343633734304959034e+03,2.535111672966083461e+03,1
2.343034335695635946e+03,2.535444024261008053e+03,2.342934650340648204e+03,2.535331940230026703e+03,2.343134021050623687e+03,2.535556108291989403e+03,1
2.342534518389142249e+03,2.535888552042446918e+03,2.342434817751221090e+03,2.535776481605675599e+03,2.342634219027063409e+03,2.536000622479218237e+03,1
2.342034822351819457e+03,2.536333216101962080e+03,2.341935091372808074e+03,2.536221172664736059e+03,2.342134553330830840e+03,2.536445259539188100e+03,1
2.341535245843675966e+03,2.536778014484212690e+03,2.341435499806456392e+03,2.536665984452261455e+03,2.341634991880895541e+03,2.536890044516163925e+03,1
2.341035669335532930e+03,2.537222812866462846e+03,2.340935877315538164e+03,2.537110823792239898e+03,2.341135461355527696e+03,2.537334801940685793e+03,1
2.340536458477212364e+03,2.537668021027585382e+03,2.340436544246229460e+03,2.537556140973746096e+03,2.340636372708195267e+03,2.537779901081424669e+03,1
2.340037854427313050e+03,2.538113909230799436e+03,2.339937863997742170e+03,2.538002097272609717e+03,2.340137844856883930e+03,2.538225721188989155e+03,1
2.339539250377414191e+03,2.538559797434013490e+03,2.339439186848846475e+03,2.538448050889321621e+03,2.339639313905981908e+03,2.538671543978705358e+03,1
2.339041231177024201e+03,2.539006336279451716e+03,2.338940882562264960e+03,2.538894845672152769e+03,2.339141579791783442e+03,2.539117826886750663e+03,1
2.338544911313980720e+03,2.539454765629394387e+03,2.338444351032256236e+03,2.539343465900106821e+03,2.338645471595705203e+03,2.539566065358681954e+03,1
2.338048591450937238e+03,2.539903194979337059e+03,2.337948018036071517e+03,2.539791907117365554e+03,2.338149164865802959e+03,2.540014482841308563e+03,1
2.337552377549111043e+03,2.540351741349245458e+03,2.337451682500065090e+03,2.540240563531774569e+03,2.337653072598156996e+03,2.540462919166716347e+03,1
2.337057039595650622e+03,2.540801255086747005e+03,2.336956236140015790e+03,2.540690175550683307e+03,2.337157843051285454e+03,2.540912334622810704e+03,1
2.336561701642190201e+03,2.541250768824248553e+03,2.336460898186555369e+03,2.541139689288184854e+03,2.336662505097825033e+03,2.541361848360312251e+03,1
2.336066363688729325e+03,2.541700282561750555e+03,2.335965419469091103e+03,2.541589330930299639e+03,2.336167307908367547e+03,2.541811234193201471e+03,1
2.335572167316705873e+03,2.542151050947056319e+03,2.335471077756866180e+03,2.542040231720874999e+03,2.335673256876545565e+03,2.542261870173237639e+03,1
2.335078009440595906e+03,2.542601861641051073e+03,2.334976915142467533e+03,2.542491046737333363e+03,2.335179103738724280e+03,2.542712676544768783e+03,1
2.334583851564486395e+03,2.543052672335045827e+03,2.334482747938226566e+03,2.542941865941922060e+03,2.334684955190746223e+03,2.543163478728169594e+03,1
2.334089769596299448e+03,2.543503566218339074e+03,2.333988654390140709e+03,2.543392770392229068e+03,2.334190884802458186e+03,2.543614362044449081e+03,1
2.333595705960047781e+03,2.543954480192035589e+03,2.333494588501446287e+03,2.543843686421605980e+03,2.333696823418649274e+03,2.544065273962465199e+03,1
2.333101642323796113e+03,2.544405394165732559e+03,2.333000366135383501e+03,2.544294745470934231e+03,2.333202918512208726e+03,2.544516042860530888e+03,1
2.332608874771438423e+03,2.544857721767285057e+03,2.332507346698221681e+03,2.544747304149357205e+03,2.332710402844655164e+03,2.544968139385212908e+03,1
2.332116871356616230e+03,2.545310882807253165e+03,2.332015249993403359e+03,2.545200551041479230e+03,2.332218492719829101e+03,2.545421214573027100e+03,1
2.331624867941794037e+03,2.545764043847220819e+03,2.331523241914751907e+03,2.545653716377261844e+03,2.331726493968836166e+03,2.545874371317179794e+03,1
2.331132902842699878e+03,2.546217246479338428e+03,2.331031266528836113e+03,2.546106928485773551e+03,2.331234539156563642e+03,2.546327564472903305e+03,1
2.330640983944613254e+03,2.546670499263164857e+03,2.330539342007840332e+03,2.546560186450269157e+03,2.330742625881386175e+03,2.546780812076060556e+03,1
2.330149065046526630e+03,2.547123752046991740e+03,2.330047323218042493e+03,2.547013531357750708e+03,2.330250806875010767e+03,2.547233972736232772e+03,1
2.329657970426711927e+03,2.547577893268995922e+03,2.329555849722565199e+03,2.547468023519817052e+03,2.329760091130858655e+03,2.547687763018174792e+03,1
2.329169184171695179e+03,2.548034522533550899e+03,2.329066785059118502e+03,2.547924912215863515e+03,2.329271583284271856e+03,2.548144132851238282e+03,1
2.328680397916678430e+03,2.548491151798105875e+03,2.328578006756605191e+03,2.548381534051646668e+03,2.328782789076751669e+03,2.548600769544565082e+03,1
2.328191545482124639e+03,2.548947710067423486e+03,2.328089274019745062e+03,2.548837980636627890e+03,2.328293816944504215e+03,2.549057439498219082e+03,1
2.327701763662656958e+03,2.549403271323085391e+03,2.327599604051074948e+03,2.549293437750069643e+03,2.327803923274238969e+03,2.549513104896101140e+03,1
2.327211981843189278e+03,2.549858832578747297e+03,2.327109822231607268e+03,2.549748999005731548e+03,2.327314141454771288e+03,2.549968666151763045e+03,1
2.326722200023721598e+03,2.550314393834409202e+03,2.326619819833622842e+03,2.550204765842202505e+03,2.326824580213820354e+03,2.550424021826615899e+03,1
2.326234254307040374e+03,2.550771919911651821e+03,2.326131618840917326e+03,2.550662530876124038e+03,2.326336889773163421e+03,2.550881308947179605e+03,1
2.325746601724270022e+03,2.551229759672768068e+03,2.325643931157839688e+03,2.551120403581081973e+03,2.325849272290700355e+03,2.551339115764454164e+03,1
2.325258949141500125e+03,2.551687599433883861e+03,2.325156273599639462e+03,2.551578248013666325e+03,2.325361624683360787e+03,2.551796950854101397e+03,1
2.324771338223896237e+03,2.552145483566966504e+03,2.324668654958954448e+03,2.552036139398850992e+03,2.324874021488838025e+03,2.552254827735082017e+03,1
2.324283750319148567e+03,2.552603392207947309e+03,2.324181064306408643e+03,2.552494050620307462e+03,2.324386436331888490e+03,2.552712733795587155e+03,1
2.323796162414400442e+03,2.553061300848927658e+03,2.323693375629046386e+03,2.552952053987386535e+03,2.323898949199754497e+03,2.553170547710468782e+03,1
2.323309420933897400e+03,2.553520106738440973e+03,2.323206389666599989e+03,2.553411090418749154e+03,2.323412452201194810e+03,2.553629123058132791e+03,1
2.322823889571845939e+03,2.553980195409031694e+03,2.322720714687466170e+03,2.553871315001091716e+03,2.322927064456225708e+03,2.554089075816971672e+03,1
2.322338358209794478e+03,2.554440284079621961e+03,2.322235182153273399e+03,2.554331404782412847e+03,2.322441534266315557e+03,2.554549163376831075e+03,1
2.321852836754497275e+03,2.554900383203549154e+03,2.321749654163836112e+03,2.554791510098585604e+03,2.321956019345158438e+03,2.555009256308512704e+03,1
2.321367360619836745e+03,2.555360530148574981e+03,2.321264172667414641e+03,2.555251662125377607e+03,2.321470548572258849e+03,2.555469398171772355e+03,1
2.320881884485176670e+03,2.555820677093600807e+03,2.320778696532754566e+03,2.555711809070403433e+03,2.320985072437598774e+03,2.555929545116798181e+03,1
2.320396408350516140e+03,2.556280824038626633e+03,2.320292994103532692e+03,2.556172170950677355e+03,2.320499822597499588e+03,2.556389477126575912e+03,1
2.319912851541402688e+03,2.556742986933790235e+03,2.319809195169176746e+03,2.556634564811984092e+03,2.320016507913628629e+03,2.556851409055596378e+03,1
2.319429433218143458e+03,2.557205295286601086e+03,2.319325760570025523e+03,2.557096888727610349e+03,2.319533105866261394e+03,2.557313701845591822e+03,1
2.318946014894884684e+03,2.557667603639412391e+03,2.318842338557783478e+03,2.557559200608434367e+03,2.319049691231985889e+03,2.557776006670390416e+03,1
2.318462628037691957e+03,2.558129944891830746e+03,2.318358946326249679e+03,2.558021547001111685e+03,2.318566309749134234e+03,2.558238342782549807e+03,1
2.317979255557994748e+03,2.558592301176758610e+03,2.317875572161099626e+03,2.558483904898186665e+03,2.318082938954889869e+03,2.558700697455330555e+03,1
2.317495883078297084e+03,2.559054657461686475e+03,2.317392095445187806e+03,2.558946360983380146e+03,2.317599670711406361e+03,2.559162953939992803e+03,1
2.317013402332655460e+03,2.559517941804753718e+03,2.316909370144325294e+03,2.559409880230680301e+03,2.317117434520985626e+03,2.559626003378827136e+03,1
2.316532125236988577e+03,2.559982478827527757e+03,2.316427952809631279e+03,2.559874552438824594e+03,2.316636297664345875e+03,2.560090405216230920e+03,1
2.316050848141322149e+03,2.560447015850302250e+03,2.315946675713964851e+03,2.560339089461599087e+03,2.316155020568679447e+03,2.560554942239005413e+03,1
2.315569571045655266e+03,2.560911552873076289e+03,2.315465398618297968e+03,2.560803626484373126e+03,2.315673743473012564e+03,2.561019479261779452e+03,1
2.315088293949988383e+03,2.561376089895850328e+03,2.314984121522631085e+03,2.561268163507147165e+03,2.315192466377345681e+03,2.561484016284553491e+03,1
2.314607016854321500e+03,2.561840626918624366e+03,2.314502844426964202e+03,2.561732700529921203e+03,2.314711189281678799e+03,2.561948553307327529e+03,1
2.314125739758654618e+03,2.562305163941398405e+03,2.314021461264610934e+03,2.562197340030877513e+03,2.314230018252698301e+03,2.562412987851919297e+03,1
2.313645377223675496e+03,2.562770646355056215e+03,2.313540977711385040e+03,2.562662939615092910e+03,2.313749776735965952e+03,2.562878353095019520e+03,1
2.313165144671807411e+03,2.563236263133606371e+03,2.313060730109217729e+03,2.563128570983849841e+03,2.313269559234397093e+03,2.563343955283362902e+03,1
2.312684912119939327e+03,2.563701879912156528e+03,2.312580356595069588e+03,2.563594324613731715e+03,2.312789467644809065e+03,2.563809435210581341e+03,1
2.312205902042973321e+03,2.564168751983565471e+03,2.312101109385796917e+03,2.564061427713235389e+03,2.312310694700149725e+03,2.564276076253895553e+03,1
2.311727729502500097e+03,2.564636484075556837e+03,2.311622840580871070e+03,2.564529253883355523e+03,2.311832618424129123e+03,2.564743714267758151e+03,1
2.311249556962026872e+03,2.565104216167548202e+03,2.311144703452718204e+03,2.564996951347659888e+03,2.311354410471335541e+03,2.565211480987436516e+03,1
2.310771075873143673e+03,2.565571632154258168e+03,2.310666336126467286e+03,2.565464256246968944e+03,2.310875815619820060e+03,2.565679008061547393e+03,1
2.310291912789758499e+03,2.566038349443269908e+03,2.310187251437697796e+03,2.565930897121820635e+03,2.310396574141819201e+03,2.566145801764719181e+03,1
2.309812749706373324e+03,2.566505066732281193e+03,2.309708086531182289e+03,2.566397616186638516e+03,2.309917412881564360e+03,2.566612517277923871e+03,1
2.309333602496240474e+03,2.566971800246499697e+03,2.309228703964382930e+03,2.566864579455539570e+03,2.309438501028098017e+03,2.567079021037459825e+03,1
2.308856490770214350e+03,2.567440614377290785e+03,2.308751359201384275e+03,2.567333622072729213e+03,2.308961622339044425e+03,2.567547606681852358e+03,1
2.308379379044187772e+03,2.567909428508081874e+03,2.308274247475357697e+03,2.567802436203520301e+03,2.308484510613017846e+03,2.568016420812643446e+03,1
2.307902267318161194e+03,2.568378242638873417e+03,2.307797052636710760e+03,2.568271332064993658e+03,2.308007481999611628e+03,2.568485153212753175e+03,1
2.307425885046676740e+03,2.568847797497907322e+03,2.307320552440235133e+03,2.568741003106574226e+03,2.307531217653118347e+03,2.568954591889240419e+03,1
2.306949809270959577e+03,2.569317663589593849e+03,2.306844441799898959e+03,2.569210903596889239e+03,2.307055176742020194e+03,2.569424423582298459e+03,1
2.306473733495241959e+03,2.569787529681279921e+03,2.306368319888955739e+03,2.569680815241724304e+03,2.306579147101528179e+03,2.569894244120835538e+03,1
2.305998064353769678e+03,2.570257806876701125e+03,2.305892533549410473e+03,2.570151208333881186e+03,2.306103595158128883e+03,2.570364405419521063e+03,1
2.305523022338750252e+03,2.570728718091589599e+03,2.305417420498811680e+03,2.570622189919721677e+03,2.305628624178688824e+03,2.570835246263457520e+03,1
2.305047980323731281e+03,2.571199629306478528e+03,2.304942369700610016e+03,2.571093109842135618e+03,2.305153590946852546e+03,2.571306148770821437e+03,1
2.304573016050268507e+03,2.571670618773448041e+03,2.304467288950687816e+03,2.571564214918187645e+03,2.304678743149849197e+03,2.571777022628708437e+03,1
2.304099005590709567e+03,2.572142568317965015e+03,2.303993170905351690e+03,2.572036271472408771e+03,2.304204840276067443e+03,2.572248865163521259e+03,1
2.303624995131150627e+03,2.572614517862482444e+03,2.303519160445792750e+03,2.572508221016926200e+03,2.303730829816508503e+03,2.572720814708038688e+03,1
2.303150984671592141e+03,2.573086467406999873e+03,2.303045149986234264e+03,2.572980170561443629e+03,2.303256819356950018e+03,2.573192764252556117e+03,1
2.302676974212033201e+03,2.573558416951517302e+03,2.302571139526675324e+03,2.573452120105961058e+03,2.302782808897391078e+03,2.573664713797073546e+03,1
2.302202963752474261e+03,2.574030366496034276e+03,2.302097129067116384e+03,2.573924069650478032e+03,2.302308798437832138e+03,2.574136663341590520e+03,1
2.301728953292915321e+03,2.574502316040551705e+03,2.301623069414413749e+03,2.574396068196933811e+03,2.301834837171416893e+03,2.574608563884169598e+03,1
2.301255380239197621e+03,2.574974703944902103e+03,2.301149380685299093e+03,2.574868571506066019e+03,2.301361379793096148e+03,2.575080836383738188e+03,1
2.300782399114657892e+03,2.575447685069441832e+03,2.300676333097479983e+03,2.575341619052263923e+03,2.300888465131835801e+03,2.575553751086619741e+03,1
2.300309417990118618e+03,2.575920666193981106e+03,2.300203341333300159e+03,2.575814610817511038e+03,2.300415494646937077e+03,2.576026721570451173e+03,1
2.299836531864136759e+03,2.576393742111230949e+03,2.299730340242378588e+03,2.576287801847552146e+03,2.299942723485894930e+03,2.576499682374909753e+03,1
2.299364577839390677e+03,2.576867748109998047e+03,2.299258281994167191e+03,2.576761912419948658e+03,2.299470873684614162e+03,2.576973583800047436e+03,1
2.298892623814644139e+03,2.577341754108765144e+03,2.298786327969420654e+03,2.577235918418715755e+03,2.298998919659867624e+03,2.577447589798814533e+03,1
2.298420669789897602e+03,2.577815760107531787e+03,2.298314287942458577e+03,2.577710010863868320e+03,2.298527051637336626e+03,2.577921509351195255e+03,1
2.297949487263730589e+03,2.578290532607766636e+03,2.297842991280593196e+03,2.578184898306634750e+03,2.298055983246867982e+03,2.578396166908898522e+03,1
2.297478558089178023e+03,2.578765556818619643e+03,2.297372033909894071e+03,2.578659950951226165e+03,2.297585082268461974e+03,2.578871162686013122e+03,1
2.297007628914625457e+03,2.579240581029472651e+03,2.296901058665035180e+03,2.579135021653279637e+03,2.297114199164215734e+03,2.579346140405665665e+03,1
2.296537114729376299e+03,2.579716015768337911e+03,2.296430431043214412e+03,2.579610571038233047e+03,2.296643798415538186e+03,2.579821460498442775e+03,1
2.296067208141450919e+03,2.580192051572627861e+03,2.295960457112339100e+03,2.580086675020285838e+03,2.296173959170562739e+03,2.580297428124969883e+03,1
2.295597301553525995e+03,2.580668087376917356e+03,2.295490550524414175e+03,2.580562710824575333e+03,2.295704052582637814e+03,2.580773463929259378e+03,1
2.295127394965600615e+03,2.581144123181206851e+03,2.295020643936488796e+03,2.581038746628864828e+03,2.295234145994712435e+03,2.581249499733548873e+03,1
2.294657488377675236e+03,2.581620158985496801e+03,2.294550737348563416e+03,2.581514782433154778e+03,2.294764239406787055e+03,2.581725535537838823e+03,1
2.294187581789749856e+03,2.582096194789786296e+03,2.294080830760638037e+03,2.581990818237443818e+03,2.294294332818861676e+03,2.582201571342128773e+03,1
2.293717675201824477e+03,2.582572230594075791e+03,2.293610845537832120e+03,2.582466933761781092e+03,2.293824504865816834e+03,2.582677527426370489e+03,1
2.293248480095354353e+03,2.583048967216847359e+03,2.293141537767830869e+03,2.582943784810600391e+03,2.293355422422877837e+03,2.583154149623094327e+03,1
2.292779593816922898e+03,2.583526008039251337e+03,2.292672617412498766e+03,2.583420860291313147e+03,2.292886570221347029e+03,2.583631155787189527e+03,1
2.292310707538491442e+03,2.584003048861655316e+03,2.292203693509069581e+03,2.583897939406767364e+03,2.292417721567913304e+03,2.584108158316543268e+03,1
2.291842163078706108e+03,2.584480424944063088e+03,2.291735037074022330e+03,2.584375429615021858e+03,2.291949289083389885e+03,2.584585420273104319e+03,1
2.291374294819463103e+03,2.584958464252419617e+03,2.291267094504564284e+03,2.584853544795284506e+03,2.291481495134361921e+03,2.585063383709554728e+03,1
2.290906426560220098e+03,2.585436503560776600e+03,2.290799226245320824e+03,2.585331584103641489e+03,2.291013626875119371e+03,2.585541423017911711e+03,1
2.290438558300977547e+03,2.585914542869133584e+03,2.290331247567761693e+03,2.585809736349600371e+03,2.290545869034193402e+03,2.586019349388666797e+03,1
2.289971697842693175e+03,2.586393566389337593e+03,2.289864273036731447e+03,2.586288876795470060e+03,2.290079122648654902e+03,2.586498255983205127e+03,1
2.289504871881123563e+03,2.586872623598808786e+03,2.289397443301899784e+03,2.586767937876926680e+03,2.289612300460347342e+03,2.586977309320690892e+03,1
2.289038045919554406e+03,2.587351680808279525e+03,2.288930619098101943e+03,2.587246993282601125e+03,2.289145472741006870e+03,2.587456368333957926e+03,1
2.288571203870917543e+03,2.587830722340546799e+03,2.288463779953997346e+03,2.587726031834417881e+03,2.288678627787837740e+03,2.587935412846675717e+03,1
2.288104351327774566e+03,2.588309753645684850e+03,2.287996928557597585e+03,2.588205061962884884e+03,2.288211774097951547e+03,2.588414445328484817e+03,1
2.287637498784631589e+03,2.588788784950822901e+03,2.287530024591677375e+03,2.588684146058202259e+03,2.287744972977585803e+03,2.588893423843443543e+03,1
2.287171117927971409e+03,2.589268273981384937e+03,2.287063419486373732e+03,2.589163865908529260e+03,2.287278816369569086e+03,2.589372682054240613e+03,1
2.286706325137652129e+03,2.589749304074422980e+03,2.286598454139288151e+03,2.589645074291193851e+03,2.286814196136016108e+03,2.589853533857652110e+03,1
2.286241532347332395e+03,2.590230334167461024e+03,2.286133661348968417e+03,2.590126104384231894e+03,2.286349403345696373e+03,2.590334563950690153e+03,1
2.285776739557013116e+03,2.590711364260499067e+03,2.285668965358177957e+03,2.590607034389103319e+03,2.285884513755848275e+03,2.590815694131894816e+03,1
2.285311054658121975e+03,2.591191530478233744e+03,2.285203394113601917e+03,2.591087083328183326e+03,2.285418715202642034e+03,2.591295977628284163e+03,1
2.284845215515590098e+03,2.591671547333799026e+03,2.284737571735729489e+03,2.591567082906086398e+03,2.284952859295450708e+03,2.591776011761511654e+03,1
2.284379376373058676e+03,2.592151564189364308e+03,2.284271627755598274e+03,2.592047207898536271e+03,2.284487124990519078e+03,2.592255920480192344e+03,1
2.283914503193406745e+03,2.592632514470259139e+03,2.283806531427635946e+03,2.592528389075679570e+03,2.284022474959177543e+03,2.592736639864838708e+03,1
2.283450723454549916e+03,2.593114521360424533e+03,2.283342633409430164e+03,2.593010518753985707e+03,2.283558813499669668e+03,2.593218523966863359e+03,1
2.282986943715693087e+03,2.593596528250590382e+03,2.282878853670573335e+03,2.593492525644151556e+03,2.283095033760812839e+03,2.593700530857029207e+03,1
2.282523163976836258e+03,2.594078535140756230e+03,2.282415073931716506e+03,2.593974532534317404e+03,2.282631254021956011e+03,2.594182537747195056e+03,1
2.282059384237979430e+03,2.594560542030921624e+03,2.281951294192859677e+03,2.594456539424482798e+03,2.282167474283099182e+03,2.594664544637360450e+03,1
2.281595604499122601e+03,2.595042548921087018e+03,2.281487514454002849e+03,2.594938546314648192e+03,2.281703694544242353e+03,2.595146551527525844e+03,1
2.281131824760265772e+03,2.595524555811252867e+03,2.281023658334449919e+03,2.595420632645759270e+03,2.281239991186081625e+03,2.595628478976746464e+03,1
2.280668753987871241e+03,2.596007243429683513e+03,2.280560478777080334e+03,2.595903433609684726e+03,2.280777029198662149e+03,2.596111053249682300e+03,1
2.280205984929020360e+03,2.596490220744379712e+03,2.280097677266199753e+03,2.596386444782932358e+03,2.280314292591840967e+03,2.596593996705827067e+03,1
2.279743215870169024e+03,2.596973198059075912e+03,2.279634908207348417e+03,2.596869422097628558e+03,2.279851523532989631e+03,2.597076974020523267e+03,1
2.279280446811317688e+03,2.597456175373772112e+03,2.279172139148497081e+03,2.597352399412324758e+03,2.279388754474138295e+03,2.597559951335219466e+03,1
2.278817677752466352e+03,2.597939152688468766e+03,2.278709370089645745e+03,2.597835376727021412e+03,2.278925985415286959e+03,2.598042928649916121e+03,1
2.278354908693615016e+03,2.598422130003164966e+03,2.278246601030794409e+03,2.598318354041717612e+03,2.278463216356435623e+03,2.598525905964612321e+03,1
2.277892139634763680e+03,2.598905107317861166e+03,2.277783628484835845e+03,2.598801544147084314e+03,2.278000650784691516e+03,2.599008670488638018e+03,1
2.277431270466959177e+03,2.599389897263861258e+03,2.277322538398258530e+03,2.599286566062203292e+03,2.277540002535659823e+03,2.599493228465519223e+03,1
2.276970568485745389e+03,2.599874846717770652e+03,2.276861818570706419e+03,2.599771534298483402e+03,2.277079318400784359e+03,2.599978159137057901e+03,1
2.276509866504531601e+03,2.600359796171680046e+03,2.276401119561282940e+03,2.600256480624282176e+03,2.276618613447780263e+03,2.600463111719077915e+03,1
2.276049136625960273e+03,2.600844719120205809e+03,2.275940395315603837e+03,2.600741397644113022e+03,2.276157877936316709e+03,2.600948040596298597e+03,1
2.275588381768905947e+03,2.601329618336581916e+03,2.275479643119633693e+03,2.601226294059887550e+03,2.275697120418178201e+03,2.601432942613276282e+03,1
2.275127626911851621e+03,2.601814517552958023e+03,2.275018874536711792e+03,2.601711207723312327e+03,2.275236379286991450e+03,2.601917827382603718e+03,1
2.274667001028102732e+03,2.602299539052875843e+03,2.274558135847480571e+03,2.602196348101489093e+03,2.274775866208724892e+03,2.602402730004262594e+03,1
2.274207306816329037e+03,2.602785443899530947e+03,2.274098342654466705e+03,2.602682357472540843e+03,2.274316270978191369e+03,2.602888530326521050e+03,1
2.273747612604555343e+03,2.603271348746186504e+03,2.273638648442693011e+03,2.603168262319196401e+03,2.273856576766417675e+03,2.603374435173176607e+03,1
2.273287918392782103e+03,2.603757253592841607e+03,2.273178954230919771e+03,2.603654167165851504e+03,2.273396882554644435e+03,2.603860340019831710e+03,1
2.272828224181008409e+03,2.604243158439497165e+03,2.272719260019146077e+03,2.604140072012507062e+03,2.272937188342870741e+03,2.604346244866487268e+03,1
2.272368529969234714e+03,2.604729063286152723e+03,2.272259565807372383e+03,2.604625976859162620e+03,2.272477494131097046e+03,2.604832149713142826e+03,1
2.271908835757461475e+03,2.605214968132807826e+03,2.271799837116002436e+03,2.605111918163569044e+03,2.272017834398920513e+03,2.605318018102046608e+03,1
2.271449466964758813e+03,2.605701180208102414e+03,2.271340361880681485e+03,2.605598242942603065e+03,2.271558572048836140e+03,2.605804117473601764e+03,1
2.270990778087130820e+03,2.606188034192251507e+03,2.270881601081185636e+03,2.606085173211443362e+03,2.271099955093076005e+03,2.606290895173059653e+03,1
2.270532089209502828e+03,2.606674888176400145e+03,2.270422912203557644e+03,2.606572027195592000e+03,2.270641266215448013e+03,2.606777749157208291e+03,1
2.270073400331874836e+03,2.607161742160549238e+03,2.269964119893794305e+03,2.607058991073679408e+03,2.270182680769955368e+03,2.607264493247419068e+03,1
2.269615692103694528e+03,2.607649518034135326e+03,2.269506299033193045e+03,2.607546886868663023e+03,2.269725085174196010e+03,2.607752149199607629e+03,1
2.269158072299027936e+03,2.608137377032943277e+03,2.269048669918545329e+03,2.608034755791746647e+03,2.269267474679510542e+03,2.608239998274139907e+03,1
2.268700452494360889e+03,2.608625236031751228e+03,2.268590995456977453e+03,2.608522673090260469e+03,2.268809909531744324e+03,2.608727798973241988e+03,1
2.268243353013966043e+03,2.609113582098094867e+03,2.268133790529638645e+03,2.609011131807573292e+03,2.268352915498293441e+03,2.609216032388616441e+03,1
2.267786737882498983e+03,2.609602381556008368e+03,2.267677124604061646e+03,2.609499985612776982e+03,2.267896351160936320e+03,2.609704777499239754e+03,1
2.267330122751031922e+03,2.610091181013922323e+03,2.267220521169372205e+03,2.609988772550904287e+03,2.267439724332691640e+03,2.610193589476940360e+03,1
2.266873396061736003e+03,2.610579876044270804e+03,2.266763899883997055e+03,2.610477354890060724e+03,2.266982892239474950e+03,2.610682397198480885e+03,1
2.266415776257068956e+03,2.611067735043078756e+03,2.266306373876586349e+03,2.610965113801882126e+03,2.266525178637551562e+03,2.611170356284275385e+03,1
2.265958156452402363e+03,2.611555594041886707e+03,2.265848754071919757e+03,2.611452972800690077e+03,2.266067558832884970e+03,2.611658215283083337e+03,1
2.265500536647735316e+03,2.612043453040694658e+03,2.265390984462468168e+03,2.611940991737251807e+03,2.265610088833002465e+03,2.612145914344137509e+03,1
2.265044345032145884e+03,2.612532646203504555e+03,2.264934582739320376e+03,2.612430410010922515e+03,2.265154107324971392e+03,2.612634882396086596e+03,1
2.264588732088000597e+03,2.613022379940823612e+03,2.264478909297406972e+03,2.612920208738099063e+03,2.264698554878594223e+03,2.613124551143548160e+03,1
2.264133119143855311e+03,2.613512113678142669e+03,2.264023327467509262e+03,2.613409909041236915e+03,2.264242910820201359e+03,2.613614318315048422e+03,1
2.263677208255028290e+03,2.614001569659423694e+03,2.263567521311465953e+03,2.613899252630479623e+03,2.263786895198590628e+03,2.614103886688367766e+03,1
2.263220593123561684e+03,2.614490369117337195e+03,2.263110979845124348e+03,2.614387973174105809e+03,2.263330206401999021e+03,2.614592765060568581e+03,1
2.262763977992095079e+03,2.614979168575251151e+03,2.262654364713657742e+03,2.614876772632019765e+03,2.262873591270532415e+03,2.615081564518482537e+03,1
2.262307362860628018e+03,2.615467968033165107e+03,2.262197556040062864e+03,2.615365779667108200e+03,2.262417169681193172e+03,2.615570156399222014e+03,1
2.261852601063386373e+03,2.615958491434978441e+03,2.261742577353131765e+03,2.615856536625470198e+03,2.261962624773640982e+03,2.616060446244486684e+03,1
2.261398067325892953e+03,2.616449226974573321e+03,2.261288019881139007e+03,2.616347297783940576e+03,2.261508114770646898e+03,2.616551156165206066e+03,1
2.260943533588399532e+03,2.616939962514168201e+03,2.260833486143645587e+03,2.616838033323535456e+03,2.261053581033153478e+03,2.617041891704800946e+03,1
2.260488999850906112e+03,2.617430698053763081e+03,2.260378952406152166e+03,2.617328768863130335e+03,2.260599047295660057e+03,2.617532627244395826e+03,1
2.260034466113412236e+03,2.617921433593357506e+03,2.259924418668658291e+03,2.617819504402724760e+03,2.260144513558166182e+03,2.618023362783990251e+03,1
2.259579932375918816e+03,2.618412169132952386e+03,2.259469877071253450e+03,2.618310248428897467e+03,2.259689987680584181e+03,2.618514089837007305e+03,1
2.259125474395720630e+03,2.618902974697853551e+03,2.259015315256494432e+03,2.618801166230401577e+03,2.259235633534946828e+03,2.619004783165305525e+03,1
2.258671942053843850e+03,2.619394635864931843e+03,2.258561687037126376e+03,2.619292931237265748e+03,2.258782197070561324e+03,2.619496340492597938e+03,1
2.258218409711967070e+03,2.619886297032010589e+03,2.258108154695249596e+03,2.619784592404344949e+03,2.258328664728684544e+03,2.619988001659676229e+03,1
2.257764877370090289e+03,2.620377958199089335e+03,2.257654616582941799e+03,2.620276259827335707e+03,2.257875138157238780e+03,2.620479656570842963e+03,1
2.257311400825260080e+03,2.620869670827228674e+03,2.257201131305493163e+03,2.620767981924144806e+03,2.257421670345026996e+03,2.620971359730312543e+03,1
2.256857952929754447e+03,2.621361409878355062e+03,2.256747680447539551e+03,2.621259724187787924e+03,2.256968225411969343e+03,2.621463095568922199e+03,1
2.256404505034248814e+03,2.621853148929481449e+03,2.256294205584479641e+03,2.621751492491512181e+03,2.256514804484017986e+03,2.621954805367450717e+03,1
2.255951318244625782e+03,2.622345128262639719e+03,2.255840915266830962e+03,2.622243584269740040e+03,2.256061721222420601e+03,2.622446672255539397e+03,1
2.255498873428855859e+03,2.622837790395367392e+03,2.255388393945591815e+03,2.622736329645430942e+03,2.255609352912119903e+03,2.622939251145303842e+03,1
2.255046428613085482e+03,2.623330452528095066e+03,2.254935949129821438e+03,2.623228991778158615e+03,2.255156908096349525e+03,2.623431913278031516e+03,1
2.254593983797315104e+03,2.623823114660822739e+03,2.254483408429161045e+03,2.623721758418007994e+03,2.254704559165469163e+03,2.623924470903637484e+03,1
2.254142471584699706e+03,2.624316631360629344e+03,2.254031783845203790e+03,2.624215397846784981e+03,2.254253159324195622e+03,2.624417864874473707e+03,1
2.253691120949552896e+03,2.624810296117821508e+03,2.253580416627752584e+03,2.624709080737889963e+03,2.253801825271353209e+03,2.624911511497753054e+03,1
2.253239770314405632e+03,2.625303960875014127e+03,2.253129116677322145e+03,2.625202690086529856e+03,2.253350423951489120e+03,2.625405231663498398e+03,1
2.252787925899989659e+03,2.625797173170185943e+03,2.252677384675594567e+03,2.625695779690567178e+03,2.252898467124384752e+03,2.625898566649804707e+03,1
2.252335481084219282e+03,2.626289835302913616e+03,2.252225001600955238e+03,2.626188374552977166e+03,2.252445960567483326e+03,2.626391296052850066e+03,1
2.251883036268448905e+03,2.626782497435641289e+03,2.251772547456196207e+03,2.626681046844874345e+03,2.251993525080701602e+03,2.626883948026408234e+03,1
2.251430682231265564e+03,2.627275242581815291e+03,2.251319978246291157e+03,2.627174026833481093e+03,2.251541386216239971e+03,2.627376458330149489e+03,1
2.250980333743800657e+03,2.627769821724298708e+03,2.250869424371098830e+03,2.627668831075984599e+03,2.251091243116502483e+03,2.627870812372612818e+03,1
2.250529985256336204e+03,2.628264400866781671e+03,2.250419075883634378e+03,2.628163410218467561e+03,2.250640894629038030e+03,2.628365391515095780e+03,1
2.250079636768871751e+03,2.628758980009265088e+03,2.249968720999599100e+03,2.628657996386203195e+03,2.250190552538144402e+03,2.628859963632326981e+03,1
2.249629350940831046e+03,2.629253616196047460e+03,2.249518425094087888e+03,2.629152643642725707e+03,2.249740276787574203e+03,2.629354588749369213e+03,1
2.249179101178935980e+03,2.629748285216964177e+03,2.249068171650995282e+03,2.629647316707859318e+03,2.249290030706876678e+03,2.629849253726069037e+03,1
2.248728851417040460e+03,2.630242954237880440e+03,2.248617924312886771e+03,2.630141983065934710e+03,2.248839778521194148e+03,2.630343925409826170e+03,1
2.248278577908185525e+03,2.630737601639883451e+03,2.248167660881364554e+03,2.630636619398072526e+03,2.248389494935006496e+03,2.630838583881694376e+03,1
2.247828229420720618e+03,2.631232180782366868e+03,2.247717320048018792e+03,2.631131190134052758e+03,2.247939138793422444e+03,2.631333171430680977e+03,1
2.247377880933256165e+03,2.631726759924850285e+03,2.247266971560554339e+03,2.631625769276536175e+03,2.247488790305957991e+03,2.631827750573164394e+03,1
2.246927532445791712e+03,2.632221339067333702e+03,2.246816435792101402e+03,2.632120554477545738e+03,2.247038629099482023e+03,2.632322123657121665e+03,1
2.246479023890074131e+03,2.632717586100296103e+03,2.246367702622349952e+03,2.632617049662363115e+03,2.246590345157798311e+03,2.632818122538229090e+03,1
2.246030887086920302e+03,2.633214170125412238e+03,2.245919528119287861e+03,2.633113675447305013e+03,2.246142246054552743e+03,2.633314664803519463e+03,1
2.245582750283766472e+03,2.633710754150528373e+03,2.245471484987906479e+03,2.633610155771132213e+03,2.245694015579626466e+03,2.633811352529924534e+03,1
2.245133690000825027e+03,2.634206501212935564e+03,2.245022639393383088e+03,2.634105665888833300e+03,2.245244740608266966e+03,2.634307336537037827e+03,1
2.244683440238929506e+03,2.634701170233852281e+03,2.244572510710988809e+03,2.634600201724747421e+03,2.244794369766870204e+03,2.634802138742957140e+03,1
2.244233190477034441e+03,2.635195839254768543e+03,2.244122251714837603e+03,2.635094880891855155e+03,2.244344129239231279e+03,2.635296797617681932e+03,1
2.243783031376918188e+03,2.635690590443729434e+03,2.243671877663979103e+03,2.635589868787171326e+03,2.243894185089857274e+03,2.635791312100287541e+03,1
2.243334894573764359e+03,2.636187174468845569e+03,2.243223535606131918e+03,2.636086679790738344e+03,2.243446253541396800e+03,2.636287669146952794e+03,1
2.242886757770610984e+03,2.636683758493961705e+03,2.242775398802978543e+03,2.636583263815854480e+03,2.242998116738243425e+03,2.636784253172068929e+03,1
2.242438620967457155e+03,2.637180342519077840e+03,2.242327188926915369e+03,2.637079928872889923e+03,2.242550053007998940e+03,2.637280756165265757e+03,1
2.241991207351308276e+03,2.637677577704991108e+03,2.241879662668025958e+03,2.637577289203000873e+03,2.242102752034590594e+03,2.637777866206981344e+03,1
2.241544186493936195e+03,2.638175166532654657e+03,2.241432602199332450e+03,2.638074922105388850e+03,2.241655770788539940e+03,2.638275410959920464e+03,1
2.241097165636563659e+03,2.638672755360318206e+03,2.240985610607727722e+03,2.638572478366239920e+03,2.241208720665399596e+03,2.638773032354396491e+03,1
2.240649854583169599e+03,2.639170082894192092e+03,2.240538412184158005e+03,2.639069680744301877e+03,2.240761296982181193e+03,2.639270485044082307e+03,1
2.240201717780015770e+03,2.639666666919308227e+03,2.240090358812383329e+03,2.639566172241201002e+03,2.240313076747648211e+03,2.639767161597415452e+03,1
2.239753580976862395e+03,2.640163250944424362e+03,2.239642222009229954e+03,2.640062756266317137e+03,2.239864939944494836e+03,2.640263745622531587e+03,1
2.239305444173708565e+03,2.640659834969540043e+03,2.239193889829219643e+03,2.640559557214151937e+03,2.239416998518197488e+03,2.640760112724928149e+03,1
2.238859244243039484e+03,2.641158159014594730e+03,2.238747464604197376e+03,2.641058132456419571e+03,2.238971023881881592e+03,2.641258185572769889e+03,1
2.238413346117642504e+03,2.641656754191174969e+03,2.238301536149294407e+03,2.641556761536554859e+03,2.238525156085990602e+03,2.641756746845795078e+03,1
2.237967447992245980e+03,2.642155349367755207e+03,2.237855692587184421e+03,2.642055295734939591e+03,2.238079203397307538e+03,2.642255403000570823e+03,1
2.237521006441486861e+03,2.642653457450766382e+03,2.237409363871084224e+03,2.642553277929536307e+03,2.237632649011889498e+03,2.642753636971996457e+03,1
2.237073985584114325e+03,2.643151046278429476e+03,2.236962401289511035e+03,2.643050801851163669e+03,2.237185569878717615e+03,2.643251290705695283e+03,1
2.236626964726741789e+03,2.643648635106093025e+03,2.236515358695171017e+03,2.643548414880005566e+03,2.236738570758312562e+03,2.643748855332180483e+03,1
2.236180160127220006e+03,2.644146417333310183e+03,2.236068328020336594e+03,2.644046449439113985e+03,2.236291992234103418e+03,2.644246385227506380e+03,1
2.235735391557876028e+03,2.644646020383806444e+03,2.235623355573802201e+03,2.644546281032130992e+03,2.235847427541949855e+03,2.644745759735481897e+03,1
2.235290622988532050e+03,2.645145623434302252e+03,2.235178587004458223e+03,2.645045884082626799e+03,2.235402658972605877e+03,2.645245362785977704e+03,1
2.234845854419188072e+03,2.645645226484798513e+03,2.234733972880271722e+03,2.645545313916772102e+03,2.234957735958104422e+03,2.645745139052824925e+03,1
2.234399542888526867e+03,2.646143449982609127e+03,2.234287875802504914e+03,2.646043297788926793e+03,2.234511209974548819e+03,2.646243602176291461e+03,1
2.233952636284100208e+03,2.646641141428448009e+03,2.233841028977371025e+03,2.646540922622405560e+03,2.234064243590829392e+03,2.646741360234490458e+03,1
2.233505729679673550e+03,2.647138832874286891e+03,2.233394047606112508e+03,2.647038697393836173e+03,2.233617411753234592e+03,2.647238968354737608e+03,1
2.233059567404554400e+03,2.647637189820603908e+03,2.232947670913938055e+03,2.647537293997929737e+03,2.233171463895170746e+03,2.647737085643278078e+03,1
2.232614798835210422e+03,2.648136792871100170e+03,2.232502762851136595e+03,2.648037053519424717e+03,2.232726834819284250e+03,2.648236532222775622e+03,1
2.232170030265865989e+03,2.648636395921595977e+03,2.232057994281792162e+03,2.648536656569920524e+03,2.232282066249939817e+03,2.648736135273271429e+03,1
2.231725261696522011e+03,2.649135998972092239e+03,2.231613213573945359e+03,2.649036273257118410e+03,2.231837309819098664e+03,2.649235724687066067e+03,1
2.231280614754646649e+03,2.649635710273453697e+03,2.231168554168616083e+03,2.649535998563717840e+03,2.231392675340677215e+03,2.649735421983189553e+03,1
2.230835971086080917e+03,2.650135424488126318e+03,2.230723910173440800e+03,2.650035713145450700e+03,2.230948031998721035e+03,2.650235135830801937e+03,1
2.230391327417515186e+03,2.650635138702798940e+03,2.230279204627635409e+03,2.650535496944537044e+03,2.230503450207394962e+03,2.650734780461060836e+03,1
2.229947304732334032e+03,2.651135404341877802e+03,2.229835081243355944e+03,2.651035876011631444e+03,2.230059528221312121e+03,2.651234932672124160e+03,1
2.229503672581037335e+03,2.651636016769487469e+03,2.229391410244145845e+03,2.651536532259559408e+03,2.229615934917928826e+03,2.651735501279415530e+03,1
2.229060040429741093e+03,2.652136629197097136e+03,2.228947774903136178e+03,2.652037148286686715e+03,2.229172305956346008e+03,2.652236110107507557e+03,1
2.228616440384413181e+03,2.652637270068879388e+03,2.228504161912258496e+03,2.652537803769608672e+03,2.228728718856567866e+03,2.652736736368150105e+03,1
2.228172938548094862e+03,2.653137997948593693e+03,2.228060650321068806e+03,2.653038542661799056e+03,2.228285226775120918e+03,2.653237453235388330e+03,1
2.227729436711776088e+03,2.653638725828307997e+03,2.227617148484750032e+03,2.653539270541513361e+03,2.227841724938802145e+03,2.653738181115102634e+03,1
2.227285934875457315e+03,2.654139453708022302e+03,2.227173646648431259e+03,2.654039998421227665e+03,2.227398223102483371e+03,2.654238908994816939e+03,1
2.226842433039138996e+03,2.654640181587737061e+03,2.226730144812112940e+03,2.654540726300942879e+03,2.226954721266165052e+03,2.654739636874531243e+03,1
2.226398931202820677e+03,2.655140909467451365e+03,2.226286642975794621e+03,2.655041454180656729e+03,2.226511219429846733e+03,2.655240364754246002e+03,1
2.225955429366501903e+03,2.655641637347166125e+03,2.225843079591636069e+03,2.655542251593219589e+03,2.226067779141367737e+03,2.655741023101112660e+03,1
2.225512548126036563e+03,2.656142913629688337e+03,2.225400084532737765e+03,2.656043656689465934e+03,2.225625011719335362e+03,2.656242170569910741e+03,1
2.225070195082722421e+03,2.656644656664928789e+03,2.224957679207069759e+03,2.656545458994965429e+03,2.225182710958375083e+03,2.656743854334892148e+03,1
2.224627842039408279e+03,2.657146399700169241e+03,2.224515326163755617e+03,2.657047202030205881e+03,2.224740357915060940e+03,2.657245597370132600e+03,1
2.224185488996094136e+03,2.657648142735409238e+03,2.224072973120441475e+03,2.657548945065445878e+03,2.224298004871746798e+03,2.657747340405372597e+03,1
2.223743135952780449e+03,2.658149885770649689e+03,2.223630620077127787e+03,2.658050688100686330e+03,2.223855651828433110e+03,2.658249083440613049e+03,1
2.223300782909466307e+03,2.658651628805890141e+03,2.223188267033813645e+03,2.658552431135926781e+03,2.223413298785118968e+03,2.658750826475853501e+03,1
2.222858429866152619e+03,2.659153371841130138e+03,2.222745902513202964e+03,2.659054187190915854e+03,2.222970957219102274e+03,2.659252556491344421e+03,1
2.222416192949050583e+03,2.659655217228860693e+03,2.222303652057539239e+03,2.659556047940581266e+03,2.222528733840561927e+03,2.659754386517140119e+03,1
2.221973976907230281e+03,2.660157081015856875e+03,2.221861433952996322e+03,2.660057914068478567e+03,2.222086519861464240e+03,2.660256247963235182e+03,1
2.221531760865409979e+03,2.660658944802853057e+03,2.221419217911176020e+03,2.660559777855474749e+03,2.221644303819643937e+03,2.660758111750231365e+03,1
2.221089544823589677e+03,2.661160808589848784e+03,2.220977001869355718e+03,2.661061641642470477e+03,2.221202087777823635e+03,2.661259975537227092e+03,1
2.220647328781769374e+03,2.661662672376844966e+03,2.220534785827535416e+03,2.661563505429466659e+03,2.220759871736003333e+03,2.661761839324223274e+03,1
2.220205112739949072e+03,2.662164536163841149e+03,2.220092548701676151e+03,2.662065393149524880e+03,2.220317676778221994e+03,2.662263679178157417e+03,1
2.219763110345294081e+03,2.662666587767265355e+03,2.219650431783599288e+03,2.662567574931055333e+03,2.219875788906988873e+03,2.662765600603475377e+03,1
2.219322055684844145e+03,2.663169472520301497e+03,2.219209283778975532e+03,2.663070566012695508e+03,2.219434827590712757e+03,2.663268379027907486e+03,1
2.218881001024394209e+03,2.663672357273338093e+03,2.218768229118525596e+03,2.663573450765732105e+03,2.218993772930262821e+03,2.663771263780944082e+03,1
2.218439946363943818e+03,2.664175242026374690e+03,2.218327075921518826e+03,2.664076447981884485e+03,2.218552816806368810e+03,2.664274036070864895e+03,1
2.217999895300622029e+03,2.664679004924809760e+03,2.217886910274013189e+03,2.664580341944101747e+03,2.218112880327230869e+03,2.664777667905517774e+03,1
2.217560009121777966e+03,2.665182912096820019e+03,2.217447007938454590e+03,2.665084267621214167e+03,2.217673010305101343e+03,2.665281556572425870e+03,1
2.217120122942933449e+03,2.665686819268829822e+03,2.217007176037511272e+03,2.665588112650229050e+03,2.217233069848355626e+03,2.665785525887430595e+03,1
2.216679682894043708e+03,2.666190241945556409e+03,2.216566836487961154e+03,2.666091420446710345e+03,2.216792529300126262e+03,2.666289063444402473e+03,1
2.216238772105615681e+03,2.666693252845029747e+03,2.216125971911408669e+03,2.666594378600724667e+03,2.216351572299822692e+03,2.666792127089334826e+03,1
2.215797861317188108e+03,2.667196263744503540e+03,2.215685034616837584e+03,2.667097419747781260e+03,2.215910688017538632e+03,2.667295107741225820e+03,1
2.215357220539288846e+03,2.667699510763728995e+03,2.215244278666612445e+03,2.667600798386610677e+03,2.215470162411965248e+03,2.667798223140847313e+03,1
2.214917483938658279e+03,2.668203548471055456e+03,2.214804453482790450e+03,2.668104937538364084e+03,2.215030514394526108e+03,2.668302159403746828e+03,1
2.214477747338027712e+03,2.668707586178382371e+03,2.214364716882159883e+03,2.668608975245690999e+03,2.214590777793895541e+03,2.668806197111073743e+03,1
2.214038010737397144e+03,2.669211623885708832e+03,2.213924980281529315e+03,2.669113012953017460e+03,2.214151041193264973e+03,2.669310234818400204e+03,1
2.213598274136766122e+03,2.669715661593035293e+03,2.213485243680898293e+03,2.669617050660343921e+03,2.213711304592633951e+03,2.669814272525726665e+03,1
2.213158537536135555e+03,2.670219699300362208e+03,2.213045507080267726e+03,2.670121088367670836e+03,2.213271567992003384e+03,2.670318310233053580e+03,1
2.212718800935504987e+03,2.670723737007688669e+03,2.212605761294664717e+03,2.670625136604045110e+03,2.212831840576345257e+03,2.670822337411332228e+03,1
2.212279158247872147e+03,2.671227856622585932e+03,2.212166103847474460e+03,2.671129273142475540e+03,2.212392212648269833e+03,2.671326440102696324e+03,1
2.211839572579352989e+03,2.671732025967522986e+03,2.211726512603750962e+03,2.671633448881357708e+03,2.211952632554955017e+03,2.671830603053688264e+03,1
2.211399986910833832e+03,2.672236195312459586e+03,2.211286888356249619e+03,2.672137662490765706e+03,2.211513085465418044e+03,2.672334728134153465e+03,1
2.210960796357487652e+03,2.672740708341452773e+03,2.210847581987417470e+03,2.672642308613761998e+03,2.211074010727557834e+03,2.672839108069143549e+03,1
2.210522397906018341e+03,2.673245910366479166e+03,2.210409106351906303e+03,2.673147599513737077e+03,2.210635689460130379e+03,2.673344221219221254e+03,1
2.210083999454549030e+03,2.673751112391505558e+03,2.209970712951885162e+03,2.673652795717872777e+03,2.210197285957212898e+03,2.673849429065138338e+03,1
2.209645549133809254e+03,2.674256269312708355e+03,2.209532363481863285e+03,2.674157836552950357e+03,2.209758734785755223e+03,2.674354702072466353e+03,1
2.209206115769708049e+03,2.674760571411510227e+03,2.209093026024051596e+03,2.674662028479610399e+03,2.209319205515364501e+03,2.674859114343410056e+03,1
2.208766682405606844e+03,2.675264873510312100e+03,2.208653592659950391e+03,2.675166330578412271e+03,2.208879772151263296e+03,2.675363416442211928e+03,1
2.208327249041505638e+03,2.675769175609113972e+03,2.208214069076612304e+03,2.675670736310321900e+03,2.208440429006398972e+03,2.675867614907906045e+03,1
2.207888740523466367e+03,2.676274281669637276e+03,2.207775444311253523e+03,2.676175976185058516e+03,2.208002036735679212e+03,2.676372587154216035e+03,1
2.207450500259490127e+03,2.676779620921399328e+03,2.207337177932282430e+03,2.676681345542202507e+03,2.207563822586697825e+03,2.676877896300596149e+03,1
2.207012259995513887e+03,2.677284960173161380e+03,2.206898929800953738e+03,2.677186693866621681e+03,2.207125590190074035e+03,2.677383226479701079e+03,1
2.206574100655366237e+03,2.677790369581290634e+03,2.206460754943220309e+03,2.677692121173985015e+03,2.206687446367512166e+03,2.677888617988596252e+03,1
2.206136020027662198e+03,2.678295847228641833e+03,2.206022666665243833e+03,2.678197607647879067e+03,2.206249373390080564e+03,2.678394086809404598e+03,1
2.205697939399958159e+03,2.678801324875993032e+03,2.205584586037539793e+03,2.678703085295230267e+03,2.205811292762376524e+03,2.678899564456755797e+03,1
2.205259858772254120e+03,2.679306802523344231e+03,2.205146505409835754e+03,2.679208562942581466e+03,2.205373212134672485e+03,2.679405042104106997e+03,1
2.204821778144549626e+03,2.679812280170694976e+03,2.204708424782131260e+03,2.679714040589932210e+03,2.204935131506967991e+03,2.679910519751457741e+03,1
2.204383697516845132e+03,2.680317757818046175e+03,2.204270344154426766e+03,2.680219518237283410e+03,2.204497050879263497e+03,2.680415997398808940e+03,1
2.203945616889141093e+03,2.680823235465396920e+03,2.203832146563281640e+03,2.680725131005002368e+03,2.204059087215000545e+03,2.680921339925791472e+03,1
2.203508741970111714e+03,2.681329755545784337e+03,2.203395154767031272e+03,2.681231786431792443e+03,2.203622329173192156e+03,2.681427724659776231e+03,1
2.203071867824236051e+03,2.681836276294625350e+03,2.202958280546308288e+03,2.681738307267412893e+03,2.203185455102163814e+03,2.681934245321837807e+03,1
2.202634993678360388e+03,2.682342797043466817e+03,2.202521394241088728e+03,2.682244842115813299e+03,2.202748593115632048e+03,2.682440751971120335e+03,1
2.202198245292222509e+03,2.682849426223900991e+03,2.202084629694258183e+03,2.682751490041112447e+03,2.202311860890186836e+03,2.682947362406689535e+03,1
2.201761538318628936e+03,2.683356091110740635e+03,2.201647918717755147e+03,2.683258159571912074e+03,2.201875157919502726e+03,2.683454022649569197e+03,1
2.201324831345035363e+03,2.683862755997579825e+03,2.201211264536597355e+03,2.683764763242637400e+03,2.201438398153473372e+03,2.683960748752522250e+03,1
2.200887578769863467e+03,2.684368949629878443e+03,2.200774113647984450e+03,2.684270839150738539e+03,2.201001043891742484e+03,2.684467060109018348e+03,1
2.200449821841118592e+03,2.684874707634933657e+03,2.200336405608485165e+03,2.684776540643662429e+03,2.200563238073752018e+03,2.684972874626204884e+03,1
2.200012064912373717e+03,2.685380465639988415e+03,2.199898578911821005e+03,2.685282379312304329e+03,2.200125550912926428e+03,2.685478551967672502e+03,1
2.199575028670483789e+03,2.685886844398437916e+03,2.199461306404925836e+03,2.685789032096980463e+03,2.199688750936041743e+03,2.685984656699895368e+03,1
2.199139716714995302e+03,2.686394708346508651e+03,2.199025828224640463e+03,2.686297089640490412e+03,2.199253605205350141e+03,2.686492327052526889e+03,1
2.198704404759506360e+03,2.686902572294578931e+03,2.198590524726643707e+03,2.686804943722351709e+03,2.198818284792369013e+03,2.687000200866806153e+03,1
2.198269004886298262e+03,2.687410360725763439e+03,2.198155226505539758e+03,2.687312613704980322e+03,2.198382783267056766e+03,2.687508107746546557e+03,1
2.197832636926914347e+03,2.687917317619753703e+03,2.197718951843437026e+03,2.687819462104861941e+03,2.197946322010391668e+03,2.688015173134645465e+03,1
2.197396268967530432e+03,2.688424274513743967e+03,2.197282583884053111e+03,2.688326418998852205e+03,2.197509954051007753e+03,2.688522130028635729e+03,1
2.196959901008146062e+03,2.688931231407734685e+03,2.196846215924668741e+03,2.688833375892842923e+03,2.197073586091623383e+03,2.689029086922626448e+03,1
2.196523533048762147e+03,2.689438188301724949e+03,2.196409847965284825e+03,2.689340332786833187e+03,2.196637218132239468e+03,2.689536043816616711e+03,1
2.196087165089378232e+03,2.689945145195715213e+03,2.195973480005900910e+03,2.689847289680823451e+03,2.196200850172855553e+03,2.690043000710606975e+03,1
2.195650797129993862e+03,2.690452102089705477e+03,2.195537020194157321e+03,2.690354353387045649e+03,2.195764574065830402e+03,2.690549850792365305e+03,1
2.195215382541444342e+03,2.690959877302848781e+03,2.195101469869875018e+03,2.690862286815320658e+03,2.195329295213013665e+03,2.691057467790376904e+03,1
2.194780425345605636e+03,2.691468045115809218e+03,2.194666468713549420e+03,2.691370505964642234e+03,2.194894381977661851e+03,2.691565584266976202e+03,1
2.194345468149766475e+03,2.691976212928769655e+03,2.194231511517710260e+03,2.691878673777602671e+03,2.194459424781822690e+03,2.692073752079936639e+03,1
2.193910510953927314e+03,2.692484380741730092e+03,2.193796554321871099e+03,2.692386841590563108e+03,2.194024467585983530e+03,2.692581919892897076e+03,1
2.193475553758088154e+03,2.692992548554690984e+03,2.193361597126031938e+03,2.692895009403524000e+03,2.193589510390144369e+03,2.693090087705857968e+03,1
2.193040596562248993e+03,2.693500716367651421e+03,2.192926666487096099e+03,2.693403146198154900e+03,2.193154526637401887e+03,2.693598286537147942e+03,1
2.192605362901197623e+03,2.694008647124924664e+03,2.192491518398651806e+03,2.693910977123183784e+03,2.192719207403743439e+03,2.694106317126665544e+03,1
2.192169515466730900e+03,2.694516051600870469e+03,2.192055730012999902e+03,2.694418312813691500e+03,2.192283300920461897e+03,2.694613790388049438e+03,1
2.191733668032264632e+03,2.695023456076816728e+03,2.191619864496954051e+03,2.694925738343775265e+03,2.191847471567575212e+03,2.695121173809858192e+03,1
2.191298008555360411e+03,2.695531021601446810e+03,2.191184084703819735e+03,2.695433444165273613e+03,2.191411932406901087e+03,2.695628599037620006e+03,1
2.190863412836963562e+03,2.696039498591971096e+03,2.190749386871838396e+03,2.695942040502120562e+03,2.190977438802088727e+03,2.696136956681821630e+03,1
2.190428817118567167e+03,2.696547975582495383e+03,2.190314791153442002e+03,2.696450517492644849e+03,2.190542843083692333e+03,2.696645433672345916e+03,1
2.189994221400170318e+03,2.697056452573019214e+03,2.189880195435045152e+03,2.696958994483168681e+03,2.190108247365295483e+03,2.697153910662869748e+03,1
2.189559625681773468e+03,2.697564929563543501e+03,2.189445599716648303e+03,2.697467471473692967e+03,2.189673651646898634e+03,2.697662387653394035e+03,1
2.189125029963376619e+03,2.698073406554067788e+03,2.189011003998251454e+03,2.697975948464217254e+03,2.189239055928501784e+03,2.698170864643918321e+03,1
2.188690434244979770e+03,2.698581883544591619e+03,2.188576378543592000e+03,2.698484460256918737e+03,2.188804489946367539e+03,2.698679306832264501e+03,1
2.188256148969462174e+03,2.699090625676422860e+03,2.188142057995312825e+03,2.698993243698533206e+03,2.188370239943611523e+03,2.699188007654312514e+03,1
2.187821921638167623e+03,2.699599417296929460e+03,2.187707825117268840e+03,2.699502041817886493e+03,2.187936018159066407e+03,2.699696792775972426e+03,1
2.187387694306873072e+03,2.700108208917436514e+03,2.187273597785974289e+03,2.700010833438393547e+03,2.187501790827771856e+03,2.700205584396479480e+03,1
2.186953466975578067e+03,2.700617000537943568e+03,2.186839370454679283e+03,2.700519625058900601e+03,2.187067563496476851e+03,2.700714376016986535e+03,1
2.186519239644283516e+03,2.701125792158450167e+03,2.186405143123384732e+03,2.701028416679407201e+03,2.186633336165182300e+03,2.701223167637493134e+03,1
2.186085012312988965e+03,2.701634583778957222e+03,2.185970843663248615e+03,2.701537292877962045e+03,2.186199180962729315e+03,2.701731874679952398e+03,1
2.185651539866209532e+03,2.702144018025715468e+03,2.185537249731520205e+03,2.702046869865091139e+03,2.185765830000898859e+03,2.702241166186339797e+03,1
2.185218585455005268e+03,2.702653893271397919e+03,2.185104245931161131e+03,2.702556803244685398e+03,2.185332924978849405e+03,2.702750983298110441e+03,1
2.184785631043800549e+03,2.703163768517080371e+03,2.184671332132053976e+03,2.703066630683186759e+03,2.184899929955547123e+03,2.703260906350973983e+03,1
2.184352250501946401e+03,2.703673281272686836e+03,2.184238037184008590e+03,2.703576042813188451e+03,2.184466463819884211e+03,2.703770519732185221e+03,1
2.183918398666628946e+03,2.704182393120253437e+03,2.183804230334812019e+03,2.704085101846183534e+03,2.184032566998445873e+03,2.704279684394323340e+03,1
2.183484546831311036e+03,2.704691504967820038e+03,2.183370418169391542e+03,2.704594167161555106e+03,2.183598675493230530e+03,2.704788842774084969e+03,1
2.183050280301755265e+03,2.705200262652886977e+03,2.182936256432096343e+03,2.705102802111394340e+03,2.183164304171414187e+03,2.705297723194379614e+03,1
2.182615333960127373e+03,2.705708439756115240e+03,2.182501375244728479e+03,2.705610903039005279e+03,2.182729292675526267e+03,2.705805976473225201e+03,1
2.182180387618499481e+03,2.706216616859343958e+03,2.182066357153894842e+03,2.706119164034130790e+03,2.182294418083104119e+03,2.706314069684557126e+03,1
2.181746190860379556e+03,2.706725432247150366e+03,2.181631914074416272e+03,2.706628268384578405e+03,2.181860467646342840e+03,2.706822596109722326e+03,1
2.181313822823981809e+03,2.707235804826197182e+03,2.181199371773130679e+03,2.707138846294034920e+03,2.181428273874832939e+03,2.707332763358359443e+03,1
2.180881454787584062e+03,2.707746177405243998e+03,2.180766999651665174e+03,2.707649223695351793e+03,2.180995909923502950e+03,2.707843131115136202e+03,1
2.180449129765513135e+03,2.708256586409956071e+03,2.180334655706909871e+03,2.708159655042964005e+03,2.180563603824116399e+03,2.708353517776948138e+03,1
2.180016961006256224e+03,2.708767127742135472e+03,2.179902472112515170e+03,2.708670213897872145e+03,2.180131449899997278e+03,2.708864041586398798e+03,1
2.179584792246998859e+03,2.709277669074314872e+03,2.179470319685125105e+03,2.709180735939742135e+03,2.179699264808872613e+03,2.709374602208887609e+03,1
2.179152451590516193e+03,2.709788064576789566e+03,2.179038084191508005e+03,2.709691007387235913e+03,2.179266818989524381e+03,2.709885121766343218e+03,1
2.178719176783132752e+03,2.710297667588582499e+03,2.178604898307738040e+03,2.710200505713026814e+03,2.178833455258527465e+03,2.710394829464138184e+03,1
2.178285901975749312e+03,2.710807270600374977e+03,2.178171621578795566e+03,2.710710110984936819e+03,2.178400182372703057e+03,2.710904430215813136e+03,1
2.177852647328619241e+03,2.711316890746142235e+03,2.177738348240358391e+03,2.711219753119947200e+03,2.177966946416880091e+03,2.711414028372337270e+03,1
2.177419568647624146e+03,2.711826660443563469e+03,2.177305252792977626e+03,2.711729542549350299e+03,2.177533884502270666e+03,2.711923778337776639e+03,1
2.176986489966629506e+03,2.712336430140984703e+03,2.176872172893195966e+03,2.712239313681403473e+03,2.177100807040063046e+03,2.712433546600565933e+03,1
2.176553424082612310e+03,2.712846210705895828e+03,2.176439088147738403e+03,2.712749116452736871e+03,2.176667760017486216e+03,2.712943304959054785e+03,1
2.176120543466429353e+03,2.713356148604540522e+03,2.176006189892658313e+03,2.713259075126361495e+03,2.176234897040200394e+03,2.713453222082719549e+03,1
2.175687662850246397e+03,2.713866086503185670e+03,2.175573308498489041e+03,2.713769013941489902e+03,2.175802017202003753e+03,2.713963159064881438e+03,1
2.175254790409158886e+03,2.714376031338820212e+03,2.175140417023570535e+03,2.714278981203997773e+03,2.175369163794747237e+03,2.714473081473642651e+03,1
2.174822109824968265e+03,2.714886138974918595e+03,2.174707718187573391e+03,2.714789110353913657e+03,2.174936501462363140e+03,2.714983167595923533e+03,1
2.174389429240777645e+03,2.715396246611016977e+03,2.174275033618410816e+03,2.715299222688279769e+03,2.174503824863144473e+03,2.715493270533754185e+03,1
2.173956790604147045e+03,2.715906389733898777e+03,2.173842268848404274e+03,2.715809514724419387e+03,2.174071312359889816e+03,2.716003264743378168e+03,1
2.173525438805344493e+03,2.716417621495442290e+03,2.173410795082818368e+03,2.716320890854560730e+03,2.173640082527870618e+03,2.716514352136323851e+03,1
2.173094087006541940e+03,2.716928853256986258e+03,2.172979445807406591e+03,2.716832119625498763e+03,2.173208728205677289e+03,2.717025586888473754e+03,1
2.172662708555697463e+03,2.717440062489632510e+03,2.172548154765273921e+03,2.717343225362973499e+03,2.172777262346121006e+03,2.717536899616291521e+03,1
2.172230434054920352e+03,2.717950514293742344e+03,2.172115965237848741e+03,2.717853576736943069e+03,2.172344902871991962e+03,2.718047451850541620e+03,1
2.171798159554142785e+03,2.718460966097851724e+03,2.171683689788759239e+03,2.718364029660878714e+03,2.171912629319526332e+03,2.718557902534824734e+03,1
2.171365895042332795e+03,2.718971426357625660e+03,2.171251405711976076e+03,2.718874513029159061e+03,2.171480384372689514e+03,2.719068339686092258e+03,1
2.170933826653392316e+03,2.719482052635464242e+03,2.170819318710587140e+03,2.719385161299244373e+03,2.171048334596197492e+03,2.719578943971684112e+03,1
2.170501758264451382e+03,2.719992678913303280e+03,2.170387239761958881e+03,2.719895800058093300e+03,2.170616276766943884e+03,2.720089557768513259e+03,1
2.170069801308171918e+03,2.720503399227925456e+03,2.169955154889601090e+03,2.720406671782446210e+03,2.170184447726742746e+03,2.720600126673404702e+03,1
2.169639083913455124e+03,2.721015165594766586e+03,2.169524320305691163e+03,2.720918577219001236e+03,2.169753847521219086e+03,2.721111753970531936e+03,1
2.169208366518738330e+03,2.721526931961607715e+03,2.169093613752923375e+03,2.721430330705208689e+03,2.169323119284553286e+03,2.721623533218006742e+03,1
2.168777534329315131e+03,2.722038601534963163e+03,2.168662869685998885e+03,2.721941895694533741e+03,2.168892198972631377e+03,2.722135307375392586e+03,1
2.168345884459924946e+03,2.722549581650619984e+03,2.168231297168988931e+03,2.722452784167409391e+03,2.168460471750860961e+03,2.722646379133830578e+03,1
2.167914234590534761e+03,2.723060561766276805e+03,2.167799643557079889e+03,2.722963768713572790e+03,2.168028825623989633e+03,2.723157354818980821e+03,1
2.167482624241431495e+03,2.723571575252576167e+03,2.167368013090110708e+03,2.723474806021965833e+03,2.167597235392752282e+03,2.723668344483186502e+03,1
2.167051186843894811e+03,2.724082734777918176e+03,2.166936559320336983e+03,2.723985984941520655e+03,2.167165814367452640e+03,2.724179484614315697e+03,1
2.166619749446358128e+03,2.724593894303260186e+03,2.166505150807617156e+03,2.724497110254994368e+03,2.166734348085099100e+03,2.724690678351526003e+03,1
2.166188007179860051e+03,2.725104795915675368e+03,2.166073518322703421e+03,2.725007882028192853e+03,2.166302496037016681e+03,2.725201709803157883e+03,1
2.165755412059174887e+03,2.725614976030831258e+03,2.165641004168351174e+03,2.725517966575017454e+03,2.165869819949998600e+03,2.725711985486645062e+03,1
2.165322816938489723e+03,2.726125156145987603e+03,2.165208356478295173e+03,2.726028208721823376e+03,2.165437277398684273e+03,2.726222103570151830e+03,1
2.164890775656387632e+03,2.726635804396486947e+03,2.164776164533387600e+03,2.726539035132333993e+03,2.165005386779387663e+03,2.726732573660639900e+03,1
2.164459769791996678e+03,2.727147327839939862e+03,2.164345060659802584e+03,2.727050674774849995e+03,2.164574478924190771e+03,2.727243980905029730e+03,1
2.164028763927605723e+03,2.727658851283392323e+03,2.163914045384365636e+03,2.727562209388559495e+03,2.164143482470845811e+03,2.727755493178225151e+03,1
2.163597857700351142e+03,2.728170458643878192e+03,2.163483118463461324e+03,2.728073841318734139e+03,2.163712596937240960e+03,2.728267075969022244e+03,1
2.163167070965407220e+03,2.728682166643950040e+03,2.163052320446391150e+03,2.728585562718638812e+03,2.163281821484423290e+03,2.728778770569261269e+03,1
2.162736284230462843e+03,2.729193874644021889e+03,2.162621521689715792e+03,2.729097285000470947e+03,2.162851046771209894e+03,2.729290464287572831e+03,1
2.162305624885597354e+03,2.729705689841687217e+03,2.162190841453988469e+03,2.729609125024967852e+03,2.162420408317206238e+03,2.729802254658406582e+03,1
2.161875059568628330e+03,2.730217584162972798e+03,2.161760267267080053e+03,2.730121029890642603e+03,2.161989851870176608e+03,2.730314138435302993e+03,1
2.161444494251659307e+03,2.730729478484258834e+03,2.161329686963554195e+03,2.730632942032087158e+03,2.161559301539764419e+03,2.730826014936430511e+03,1
2.161014087884699620e+03,2.731241506442522223e+03,2.160899259505795271e+03,2.731144995078434022e+03,2.161128916263603969e+03,2.731338017806610424e+03,1
2.160583746310102015e+03,2.731753588874864818e+03,2.160468911824649240e+03,2.731657084776761167e+03,2.160698580795554790e+03,2.731850092972968469e+03,1
2.160153404735503955e+03,2.732265671307207413e+03,2.160038648622877190e+03,2.732169074026630824e+03,2.160268160848130719e+03,2.732362268587784001e+03,1
2.159722232478352453e+03,2.732777054315257374e+03,2.159607567599642152e+03,2.732680348753936414e+03,2.159836897357062753e+03,2.732873759876578333e+03,1
2.159290924913017534e+03,2.733288323395513544e+03,2.159176272154210892e+03,2.733191603465312710e+03,2.159405577671824176e+03,2.733385043325714378e+03,1
2.158859624406487001e+03,2.733799598427961882e+03,2.158744950601029814e+03,2.733702903452177452e+03,2.158974298211944188e+03,2.733896293403746313e+03,1
2.158428539419178833e+03,2.734311055192565163e+03,2.158313845239716557e+03,2.734214384384161349e+03,2.158543233598641109e+03,2.734407726000968978e+03,1
2.157997454431870210e+03,2.734822511957168444e+03,2.157882755620154967e+03,2.734725846644925241e+03,2.158112153243585453e+03,2.734919177269411648e+03,1
2.157566418470810277e+03,2.735334010025461339e+03,2.157451698407402546e+03,2.735237369935168772e+03,2.157681138534218007e+03,2.735430650115753906e+03,1
2.157135558440186287e+03,2.735845656311827497e+03,2.157020821760468607e+03,2.735749035949960216e+03,2.157250295119903967e+03,2.735942276673694778e+03,1
2.156704698409562297e+03,2.736357302598193201e+03,2.156589952745266146e+03,2.736260692906519580e+03,2.156819444073858449e+03,2.736453912289866821e+03,1
2.156273933556391057e+03,2.736869028997861278e+03,2.156159166432466918e+03,2.736772444800053563e+03,2.156388700680315196e+03,2.736965613195668993e+03,1
2.155843300899266069e+03,2.737380866670330306e+03,2.155728521301215096e+03,2.737284297296970180e+03,2.155958080497317042e+03,2.737477436043690432e+03,1
2.155412668242140626e+03,2.737892704342799334e+03,2.155297874908716494e+03,2.737796151297267897e+03,2.155527461575564757e+03,2.737989257388330770e+03,1
2.154982181225461773e+03,2.738404664493474684e+03,2.154867366221526936e+03,2.738308137218202774e+03,2.155096996229396609e+03,2.738501191768746594e+03,1
2.154551778397621092e+03,2.738916695443836034e+03,2.154436955457002568e+03,2.738820177609693019e+03,2.154666601338239616e+03,2.739013213277979048e+03,1
2.154121375569780866e+03,2.739428726394197838e+03,2.154006633645816692e+03,2.739332112260216491e+03,2.154236117493745041e+03,2.739525340528179186e+03,1
2.153690114279866975e+03,2.739940034313707656e+03,2.153575466310968750e+03,2.739843308705787877e+03,2.153804762248765201e+03,2.740036759921627436e+03,1
2.153258716963073311e+03,2.740451227665977513e+03,2.153144063389298481e+03,2.740354508701856503e+03,2.153373370536848142e+03,2.740547946630098522e+03,1
2.152827515080375179e+03,2.740962585391006996e+03,2.152712701150884186e+03,2.740866056837744964e+03,2.152942329009866171e+03,2.741059113944269029e+03,1
2.152397816877548394e+03,2.741475207808414325e+03,2.152282861300444893e+03,2.741378847986430628e+03,2.152512772454651895e+03,2.741571567630398022e+03,1
2.151968118674721609e+03,2.741987830225822108e+03,2.151853208337237902e+03,2.741891416459484844e+03,2.152083029012205316e+03,2.742084243992159372e+03,1
2.151537939756517972e+03,2.742500048699149374e+03,2.151423146177083709e+03,2.742403495946104158e+03,2.151652733335952234e+03,2.742596601452194591e+03,1
2.151107002126378575e+03,2.743011629628495939e+03,2.150992280102972472e+03,2.742914991864937292e+03,2.151221724149784677e+03,2.743108267392054586e+03,1
2.150676064496239178e+03,2.743523210557842503e+03,2.150561312818236729e+03,2.743426608009244319e+03,2.150790816174241627e+03,2.743619813106440688e+03,1
2.150245441015687447e+03,2.744035055869190728e+03,2.150130644999821016e+03,2.743938506012944345e+03,2.150360237031553879e+03,2.744131605725437112e+03,1
2.149814973297854522e+03,2.744547032267323630e+03,2.149700162590573200e+03,2.744450499881599626e+03,2.149929784005135843e+03,2.744643564653047633e+03,1
2.149384505580021596e+03,2.745059008665456531e+03,2.149269672851966789e+03,2.744962502476186273e+03,2.149499338308076403e+03,2.745155514854726789e+03,1
2.148954271521747160e+03,2.745571181430598699e+03,2.148839416285460629e+03,2.745474702030219305e+03,2.149069126758033690e+03,2.745667660830978093e+03,1
2.148524042701397320e+03,2.746083358597682491e+03,2.148409216267079046e+03,2.745986844919989835e+03,2.148638869135715595e+03,2.746179872275375146e+03,1
2.148093503158841486e+03,2.746595274225000594e+03,2.147978773786801412e+03,2.746498645185932219e+03,2.148208232530881560e+03,2.746691903264068969e+03,1
2.147662245647088639e+03,2.747106585526360504e+03,2.147547584087758878e+03,2.747009876029349925e+03,2.147776907206418400e+03,2.747203295023371084e+03,1
2.147230988135335792e+03,2.747617896827719960e+03,2.147116233883567475e+03,2.747521297336514635e+03,2.147345742387104110e+03,2.747714496318925285e+03,1
2.146800712549295440e+03,2.748130033836253460e+03,2.146685815529089723e+03,2.748033604200000354e+03,2.146915609569501157e+03,2.748226463472506566e+03,1
2.146370969628360854e+03,2.748642618766043142e+03,2.146256022711869264e+03,2.748546248613043645e+03,2.146485916544852444e+03,2.748738988919042640e+03,1
2.145941224010411133e+03,2.749155201424242023e+03,2.145826496412161760e+03,2.749058570279159539e+03,2.146055951608660507e+03,2.749251832569324506e+03,1
2.145509155621470654e+03,2.749665827702081060e+03,2.145394647678665024e+03,2.749568936365861191e+03,2.145623663564276285e+03,2.749762719038300929e+03,1
2.145077087232530630e+03,2.750176453979920097e+03,2.144962523555394000e+03,2.750079628549990957e+03,2.145191650909667260e+03,2.750273279409849238e+03,1
2.144645607238010598e+03,2.750687576619350693e+03,2.144530898641366548e+03,2.750590922918666820e+03,2.144760315834654648e+03,2.750784230320034567e+03,1
2.144215070659646244e+03,2.751199495111917258e+03,2.144100272937688260e+03,2.751102947284219226e+03,2.144329868381604228e+03,2.751296042939615290e+03,1
2.143784534081282345e+03,2.751711413604484278e+03,2.143669795897927543e+03,2.751614795028214303e+03,2.143899272264637148e+03,2.751808032180754253e+03,1
2.143353366782975172e+03,2.752222800786829339e+03,2.143238705619281518e+03,2.752126090820743229e+03,2.143468027946668826e+03,2.752319510752915448e+03,1
2.142922014984172620e+03,2.752734032548373307e+03,2.142807341769157574e+03,2.752637336872367996e+03,2.143036688199187665e+03,2.752830728224378618e+03,1
2.142490975384712783e+03,2.753245526914050060e+03,2.142376154831323674e+03,2.753149006239998016e+03,2.142605795938101892e+03,2.753342047588102105e+03,1
2.142061184961536583e+03,2.753758072014980371e+03,2.141946246722653086e+03,2.753661691512583275e+03,2.142176123200420079e+03,2.753854452517377467e+03,1
2.141631394538360837e+03,2.754270617115910227e+03,2.141516520020370990e+03,2.754174160674359428e+03,2.141746269056350684e+03,2.754367073557461026e+03,1
2.141200927248786684e+03,2.754782593431182249e+03,2.141086153527053284e+03,2.754686017073829589e+03,2.141315700970520084e+03,2.754879169788534909e+03,1
2.140770067218162694e+03,2.755294239717547953e+03,2.140655339571455443e+03,2.755197608629998285e+03,2.140884794864869946e+03,2.755390870805097620e+03,1
2.140339111611139288e+03,2.755805805344759847e+03,2.140224486727240674e+03,2.755709052381026595e+03,2.140453736495037901e+03,2.755902558308493099e+03,1
2.139907165015135888e+03,2.756316534653241433e+03,2.139792633967708753e+03,2.756219670629087886e+03,2.140021696062563024e+03,2.756413398677394980e+03,1
2.139475218419132943e+03,2.756827263961723474e+03,2.139360588595705394e+03,2.756730516850236654e+03,2.139589848242560493e+03,2.756924011073210295e+03,1
2.139044315662256849e+03,2.757338872865153917e+03,2.138929511421496954e+03,2.757242332789001466e+03,2.139159119903016745e+03,2.757435412941306367e+03,1
2.138614215349462938e+03,2.757851157951092773e+03,2.138499342034649999e+03,2.757754700076640347e+03,2.138729088664275878e+03,2.757947615825545199e+03,1
2.138184044825520232e+03,2.758363383960946521e+03,2.138069275238844511e+03,2.758266802689603082e+03,2.138298814412195952e+03,2.758459965232289960e+03,1
2.137752844417045253e+03,2.758874743419715287e+03,2.137638172058416330e+03,2.758778046728114532e+03,2.137867516775674176e+03,2.758971440111316042e+03,1
2.137321644008570274e+03,2.759386102878483598e+03,2.137207033519744982e+03,2.759289332863235359e+03,2.137436254497395566e+03,2.759482872893731837e+03,1
2.136889790081971569e+03,2.759896910037875386e+03,2.136775285544179951e+03,2.759800014677691706e+03,2.137004294619763186e+03,2.759993805398059067e+03,1
2.136457471683030690e+03,2.760407324663722193e+03,2.136343008175778323e+03,2.760310380837165667e+03,2.136571935190283057e+03,2.760504268490278719e+03,1
2.136025185169037741e+03,2.760917766282540015e+03,2.135910697927748970e+03,2.760820850486190466e+03,2.136139672410326511e+03,2.761014682078889564e+03,1
2.135593116780096807e+03,2.761428392560379052e+03,2.135478608837291631e+03,2.761331501224159183e+03,2.135707624722901983e+03,2.761525283896598921e+03,1
2.135161048391156328e+03,2.761939018838217635e+03,2.135046416877391039e+03,2.761842273729545923e+03,2.135275679904921617e+03,2.762035763946889347e+03,1
2.134730285499038928e+03,2.762450745599511720e+03,2.134615473914692302e+03,2.762354214256934029e+03,2.134845097083385554e+03,2.762547276942089411e+03,1
2.134300123052284562e+03,2.762962978513080998e+03,2.134185324441520606e+03,2.762866431742204441e+03,2.134414921663048517e+03,2.763059525283957555e+03,1
2.133869223244781551e+03,2.763474588755243985e+03,2.133754689463997693e+03,2.763377727963076268e+03,2.133983757025565410e+03,2.763571449547411703e+03,1
2.133436261699703209e+03,2.763984457943197867e+03,2.133321923534304460e+03,2.763887366316714179e+03,2.133550599865101958e+03,2.764081549569681556e+03,1
2.133003300154624867e+03,2.764494327131151749e+03,2.132888783650428650e+03,2.764397445913845786e+03,2.133117816658821084e+03,2.764591208348457712e+03,1
2.132572217114600790e+03,2.765005784554354250e+03,2.132457493136089852e+03,2.764909149111815623e+03,2.132686941093111727e+03,2.765102419996892877e+03,1
2.132141446118911063e+03,2.765517505804268239e+03,2.132026824597122413e+03,2.765420748857526178e+03,2.132256067640699712e+03,2.765614262751010301e+03,1
2.131709281401675526e+03,2.766028047120003521e+03,2.131594931441689369e+03,2.765930969384908622e+03,2.131823631361661683e+03,2.766125124855098420e+03,1
2.131275649512868767e+03,2.766537346318266373e+03,2.131161414453383259e+03,2.766440133401509684e+03,2.131389884572354276e+03,2.766634559235023062e+03,1
2.130842276965006931e+03,2.767046865469472777e+03,2.130727855501133490e+03,2.766949872023276384e+03,2.130956698428880372e+03,2.767143858915669171e+03,1
2.130410603621081918e+03,2.767557825754119222e+03,2.130296020777249851e+03,2.767461023006744199e+03,2.130525186464913986e+03,2.767654628501494244e+03,1
2.129978930277156451e+03,2.768068786038765211e+03,2.129864549221573725e+03,2.767971744943739850e+03,2.130093311332739177e+03,2.768165827133790572e+03,1
2.129545134022710045e+03,2.768577943326069089e+03,2.129431006301422258e+03,2.768480604416923597e+03,2.129659261743997831e+03,2.768675282235214581e+03,1
2.129110802835159120e+03,2.769086646292309979e+03,2.128996644446023311e+03,2.768989343352015567e+03,2.129224961224294930e+03,2.769183949232604391e+03,1
2.128677327235471239e+03,2.769596077255139335e+03,2.128563003979653331e+03,2.769498968073393826e+03,2.128791650491289147e+03,2.769693186436884844e+03,1
2.128244724116656016e+03,2.770106250588362855e+03,2.128130335818029380e+03,2.770009218031263117e+03,2.128359112415282652e+03,2.770203283145462592e+03,1
2.127811931099084177e+03,2.770616262589195230e+03,2.127697634070877484e+03,2.770519122539045384e+03,2.127926228127290869e+03,2.770713402639345077e+03,1
2.127378369522145022e+03,2.771125621644619969e+03,2.127264145753966204e+03,2.771028395460991305e+03,2.127492593290323839e+03,2.771222847828248632e+03,1
2.126944807945205866e+03,2.771634980700044707e+03,2.126830560612730096e+03,2.771537782207143664e+03,2.127059055277681637e+03,2.771732179192945750e+03,1
2.126511493360123040e+03,2.772144549882517367e+03,2.126397220908825147e+03,2.772047380922070261e+03,2.126625765811420933e+03,2.772241718842964474e+03,1
2.126078195146490089e+03,2.772654132992916402e+03,2.125963986594428661e+03,2.772556888935843290e+03,2.126192403698551516e+03,2.772751377049989514e+03,1
2.125644211171552342e+03,2.773163131850060381e+03,2.125530097308868335e+03,2.773065776694350006e+03,2.125758325034236350e+03,2.773260487005770756e+03,1
2.125209921954208767e+03,2.773671870647519881e+03,2.125095825064264318e+03,2.773574495600896171e+03,2.125324018844153215e+03,2.773769245694143592e+03,1
2.124775760387010905e+03,2.774180718357300975e+03,2.124661638204318024e+03,2.774083372954648894e+03,2.124889882569703786e+03,2.774278063759953056e+03,1
2.124341735553916351e+03,2.774689682729922879e+03,2.124227635795289643e+03,2.774592311044709277e+03,2.124455835312543059e+03,2.774787054415136481e+03,1
2.123907339903268621e+03,2.775198330072290901e+03,2.123793363491095079e+03,2.775100814035312396e+03,2.124021316315442164e+03,2.775295846109269405e+03,1
2.123472027947779679e+03,2.775706194020361181e+03,2.123358116143763255e+03,2.775608602520189379e+03,2.123585939751796104e+03,2.775803785520532983e+03,1
2.123036959035542168e+03,2.776214265421676373e+03,2.122922845840530954e+03,2.776116909483366271e+03,2.123151072230553382e+03,2.776311621359986475e+03,1
2.122603749389993027e+03,2.776723923828204533e+03,2.122489458492329049e+03,2.776626776565190085e+03,2.122718040287657004e+03,2.776821071091218982e+03,1
2.122170539744443886e+03,2.777233582234732239e+03,2.122056516413540976e+03,2.777136121062926577e+03,2.122284563075346796e+03,2.777331043406537901e+03,1
2.121734533996600931e+03,2.777740850185546606e+03,2.121620789074209370e+03,2.777643064232413963e+03,2.121848278918992492e+03,2.777838636138679249e+03,1
2.121298424469701331e+03,2.778248029413126460e+03,2.121184646658683050e+03,2.778150281729164817e+03,2.121412202280719612e+03,2.778345777097088103e+03,1
2.120862759895715044e+03,2.778755590841091816e+03,2.120748931250051101e+03,2.778657902359548189e+03,2.120976588541378987e+03,2.778853279322635444e+03,1
2.120427178291640757e+03,2.779263223537569502e+03,2.120313322199641789e+03,2.779165567046158230e+03,2.120541034383639726e+03,2.779360880028980773e+03,1
2.119991799020057897e+03,2.779771029755116615e+03,2.119877917000983871e+03,2.779673403499777123e+03,2.120105681039131923e+03,2.779868656010456107e+03,1
2.119556487064568955e+03,2.780278893703187350e+03,2.119442794661594689e+03,2.780181046692471682e+03,2.119670179467543221e+03,2.780376740713903018e+03,1
2.119119142415346232e+03,2.780785004792631298e+03,2.119005742516685132e+03,2.780686818933243558e+03,2.119232542314007333e+03,2.780883190652019039e+03,1
2.118680807066281432e+03,2.781290261569034556e+03,2.118567370680932072e+03,2.781192117865829459e+03,2.118794243451630791e+03,2.781388405272239652e+03,1
2.118243838011861044e+03,2.781796698506736902e+03,2.118130189718415295e+03,2.781698800266727631e+03,2.118357486305306793e+03,2.781894596746746174e+03,1
2.117807691343748502e+03,2.782303845795239795e+03,2.117694143285233167e+03,2.782205831314638999e+03,2.117921239402263836e+03,2.782401860275840590e+03,1
2.117369687796809558e+03,2.782809386215343693e+03,2.117256441466718115e+03,2.782711023271503564e+03,2.117482934126901000e+03,2.782907749159183822e+03,1
2.116930432524290609e+03,2.783313843442376310e+03,2.116817177514140440e+03,2.783215490492873414e+03,2.117043687534440778e+03,2.783412196391879206e+03,1
2.116492517245713771e+03,2.783819462274777379e+03,2.116379045346315706e+03,2.783721359634409964e+03,2.116605989145111835e+03,2.783917564915144794e+03,1
2.116055493951983408e+03,2.784325854345290281e+03,2.115942007664279117e+03,2.784227768349841881e+03,2.116168980239687698e+03,2.784423940340738682e+03,1
2.115617726280416719e+03,2.784831602475986983e+03,2.115504355618286354e+03,2.784733382859982157e+03,2.115731096942547083e+03,2.784929822091991809e+03,1
2.115179511125342742e+03,2.785336963501596074e+03,2.115066301026049587e+03,2.785238558860353805e+03,2.115292721224635898e+03,2.785435368142838342e+03,1
2.114740094107420191e+03,2.785841278688346392e+03,2.114627055163389741e+03,2.785742677485856802e+03,2.114853133051450641e+03,2.785939879890835982e+03,1
2.114300125407916767e+03,2.786345113811971714e+03,2.114187082589819056e+03,2.786246517050987677e+03,2.114413168226014477e+03,2.786443710572955752e+03,1
2.113860747547672872e+03,2.786849464070970953e+03,2.113747628138577966e+03,2.786750955191746925e+03,2.113973866956767779e+03,2.786947972950194981e+03,1
2.113421562497001105e+03,2.787353982434965474e+03,2.113308555208396683e+03,2.787255344953639906e+03,2.113534569785605527e+03,2.787452619916291042e+03,1
2.112981038586287923e+03,2.787857331700508894e+03,2.112868182782318399e+03,2.787758520934342869e+03,2.113093894390257447e+03,2.787956142466674919e+03,1
2.112540307316988219e+03,2.788360499899625665e+03,2.112427471848336154e+03,2.788261665912485114e+03,2.112653142785640284e+03,2.788459333886766217e+03,1
